"","NETWORK","DEMO","LAST_UPDATE","LATEST_BASE_DATA","FORECAST_DATA","TIME_ID","BROADCAST_YEAR","CABLE_QTR","QTRYEAR","HH_NT_DAYPART","STREAM","ACTUAL","PREDICT_LS","LAST_ACTUAL","BROADCAST_WEEK","BROADCAST_DATE","L_DUR"
"1","OXYG","A18-49",2020-06-19,NA,NA,"Week",2012,"3Q","2012-3Q","Access","L_Imps",105390.233333333,105390.243333333,2020-03-31,2012-09-03,2012-09-03,900
"2","OXYG","A18-49",2020-06-19,NA,NA,"Week",2012,"3Q","2012-3Q","Access","L_Imps",111958.633333333,111958.643333334,2020-03-31,2012-09-10,2012-09-10,900
"3","OXYG","A18-49",2020-06-19,NA,NA,"Week",2012,"3Q","2012-3Q","Access","L_Imps",100961.366666667,100961.376666666,2020-03-31,2012-09-17,2012-09-17,900
"4","OXYG","A18-49",2020-06-19,NA,NA,"Week",2012,"3Q","2012-3Q","Access","L_Imps",81592.4666666667,81592.476666667,2020-03-31,2012-09-24,2012-09-24,900
"5","OXYG","A18-49",2020-06-19,NA,NA,"Week",2012,"4Q","2012-4Q","Access","L_Imps",98849.3333333333,98849.3433333338,2020-03-31,2012-10-01,2012-10-01,900
"6","OXYG","A18-49",2020-06-19,NA,NA,"Week",2012,"4Q","2012-4Q","Access","L_Imps",70725.4666666667,70725.4766666668,2020-03-31,2012-10-08,2012-10-08,900
"7","OXYG","A18-49",2020-06-19,NA,NA,"Week",2012,"4Q","2012-4Q","Access","L_Imps",88417.0333333333,88417.0433333335,2020-03-31,2012-10-15,2012-10-15,900
"8","OXYG","A18-49",2020-06-19,NA,NA,"Week",2012,"4Q","2012-4Q","Access","L_Imps",99334.2,99334.2100000001,2020-03-31,2012-10-22,2012-10-22,900
"9","OXYG","A18-49",2020-06-19,NA,NA,"Week",2012,"4Q","2012-4Q","Access","L_Imps",88706.9,88706.9100000006,2020-03-31,2012-10-29,2012-10-29,900
"10","OXYG","A18-49",2020-06-19,NA,NA,"Week",2012,"4Q","2012-4Q","Access","L_Imps",81954.1666666667,81954.1766666664,2020-03-31,2012-11-05,2012-11-05,900
"11","OXYG","A18-49",2020-06-19,NA,NA,"Week",2012,"4Q","2012-4Q","Access","L_Imps",79571.5666666667,79571.5766666665,2020-03-31,2012-11-12,2012-11-12,900
"12","OXYG","A18-49",2020-06-19,NA,NA,"Week",2012,"4Q","2012-4Q","Access","L_Imps",111413.5,111413.51,2020-03-31,2012-11-19,2012-11-19,900
"13","OXYG","A18-49",2020-06-19,NA,NA,"Week",2012,"4Q","2012-4Q","Access","L_Imps",96033,96033.0100000001,2020-03-31,2012-11-26,2012-11-26,900
"14","OXYG","A18-49",2020-06-19,NA,NA,"Week",2012,"4Q","2012-4Q","Access","L_Imps",61911.3,61911.31,2020-03-31,2012-12-03,2012-12-03,900
"15","OXYG","A18-49",2020-06-19,NA,NA,"Week",2012,"4Q","2012-4Q","Access","L_Imps",77970.8333333333,77970.8433333336,2020-03-31,2012-12-10,2012-12-10,900
"16","OXYG","A18-49",2020-06-19,NA,NA,"Week",2012,"4Q","2012-4Q","Access","L_Imps",67180.4,67180.4100000002,2020-03-31,2012-12-17,2012-12-17,900
"17","OXYG","A18-49",2020-06-19,NA,NA,"Week",2012,"4Q","2012-4Q","Access","L_Imps",82290.9,82290.9100000001,2020-03-31,2012-12-24,2012-12-24,900
"18","OXYG","A18-49",2020-06-19,NA,NA,"Week",2013,"1Q","2013-1Q","Access","L_Imps",117509.666666667,117509.676666667,2020-03-31,2012-12-31,2012-12-31,900
"19","OXYG","A18-49",2020-06-19,NA,NA,"Week",2013,"1Q","2013-1Q","Access","L_Imps",97868.6,97868.6099999999,2020-03-31,2013-01-07,2013-01-07,900
"20","OXYG","A18-49",2020-06-19,NA,NA,"Week",2013,"1Q","2013-1Q","Access","L_Imps",71396.4333333333,71396.4433333333,2020-03-31,2013-01-14,2013-01-14,900
"21","OXYG","A18-49",2020-06-19,NA,NA,"Week",2013,"1Q","2013-1Q","Access","L_Imps",101279.8,101279.81,2020-03-31,2013-01-21,2013-01-21,900
"22","OXYG","A18-49",2020-06-19,NA,NA,"Week",2013,"1Q","2013-1Q","Access","L_Imps",86770.6333333333,86770.6433333338,2020-03-31,2013-01-28,2013-01-28,900
"23","OXYG","A18-49",2020-06-19,NA,NA,"Week",2013,"1Q","2013-1Q","Access","L_Imps",77420.0666666667,77420.076666667,2020-03-31,2013-02-04,2013-02-04,900
"24","OXYG","A18-49",2020-06-19,NA,NA,"Week",2013,"1Q","2013-1Q","Access","L_Imps",73645.4666666667,73645.4766666671,2020-03-31,2013-02-11,2013-02-11,900
"25","OXYG","A18-49",2020-06-19,NA,NA,"Week",2013,"1Q","2013-1Q","Access","L_Imps",87678.8,87678.8100000007,2020-03-31,2013-02-18,2013-02-18,900
"26","OXYG","A18-49",2020-06-19,NA,NA,"Week",2013,"1Q","2013-1Q","Access","L_Imps",84804.4,84804.4099999999,2020-03-31,2013-02-25,2013-02-25,900
"27","OXYG","A18-49",2020-06-19,NA,NA,"Week",2013,"1Q","2013-1Q","Access","L_Imps",80913.9666666667,80913.9766666668,2020-03-31,2013-03-04,2013-03-04,900
"28","OXYG","A18-49",2020-06-19,NA,NA,"Week",2013,"1Q","2013-1Q","Access","L_Imps",65929.0666666667,65929.0766666668,2020-03-31,2013-03-11,2013-03-11,900
"29","OXYG","A18-49",2020-06-19,NA,NA,"Week",2013,"1Q","2013-1Q","Access","L_Imps",80860.7666666667,80860.776666667,2020-03-31,2013-03-18,2013-03-18,900
"30","OXYG","A18-49",2020-06-19,NA,NA,"Week",2013,"1Q","2013-1Q","Access","L_Imps",63007.8,63007.8099999999,2020-03-31,2013-03-25,2013-03-25,900
"31","OXYG","A18-49",2020-06-19,NA,NA,"Week",2013,"2Q","2013-2Q","Access","L_Imps",69341.0333333333,69341.043333333,2020-03-31,2013-04-01,2013-04-01,900
"32","OXYG","A18-49",2020-06-19,NA,NA,"Week",2013,"2Q","2013-2Q","Access","L_Imps",99330.4333333333,99330.4433333339,2020-03-31,2013-04-08,2013-04-08,900
"33","OXYG","A18-49",2020-06-19,NA,NA,"Week",2013,"2Q","2013-2Q","Access","L_Imps",66020.6666666667,66020.6766666665,2020-03-31,2013-04-15,2013-04-15,900
"34","OXYG","A18-49",2020-06-19,NA,NA,"Week",2013,"2Q","2013-2Q","Access","L_Imps",70966.4666666667,70966.4766666664,2020-03-31,2013-04-22,2013-04-22,900
"35","OXYG","A18-49",2020-06-19,NA,NA,"Week",2013,"2Q","2013-2Q","Access","L_Imps",91077.5666666667,91077.5766666671,2020-03-31,2013-04-29,2013-04-29,900
"36","OXYG","A18-49",2020-06-19,NA,NA,"Week",2013,"2Q","2013-2Q","Access","L_Imps",59480.9333333333,59480.9433333334,2020-03-31,2013-05-06,2013-05-06,900
"37","OXYG","A18-49",2020-06-19,NA,NA,"Week",2013,"2Q","2013-2Q","Access","L_Imps",70076.3666666667,70076.376666667,2020-03-31,2013-05-13,2013-05-13,900
"38","OXYG","A18-49",2020-06-19,NA,NA,"Week",2013,"2Q","2013-2Q","Access","L_Imps",84278.9333333333,84278.943333333,2020-03-31,2013-05-20,2013-05-20,900
"39","OXYG","A18-49",2020-06-19,NA,NA,"Week",2013,"2Q","2013-2Q","Access","L_Imps",102238.433333333,102238.443333334,2020-03-31,2013-05-27,2013-05-27,900
"40","OXYG","A18-49",2020-06-19,NA,NA,"Week",2013,"2Q","2013-2Q","Access","L_Imps",87970.9,87970.9100000002,2020-03-31,2013-06-03,2013-06-03,900
"41","OXYG","A18-49",2020-06-19,NA,NA,"Week",2013,"2Q","2013-2Q","Access","L_Imps",66455.0666666667,66455.0766666668,2020-03-31,2013-06-10,2013-06-10,900
"42","OXYG","A18-49",2020-06-19,NA,NA,"Week",2013,"2Q","2013-2Q","Access","L_Imps",63736.2666666667,63736.2766666665,2020-03-31,2013-06-17,2013-06-17,900
"43","OXYG","A18-49",2020-06-19,NA,NA,"Week",2013,"2Q","2013-2Q","Access","L_Imps",95496.9333333333,95496.9433333337,2020-03-31,2013-06-24,2013-06-24,900
"44","OXYG","A18-49",2020-06-19,NA,NA,"Week",2013,"3Q","2013-3Q","Access","L_Imps",67203.9,67203.9100000001,2020-03-31,2013-07-01,2013-07-01,900
"45","OXYG","A18-49",2020-06-19,NA,NA,"Week",2013,"3Q","2013-3Q","Access","L_Imps",89883.9,89883.91,2020-03-31,2013-07-08,2013-07-08,900
"46","OXYG","A18-49",2020-06-19,NA,NA,"Week",2013,"3Q","2013-3Q","Access","L_Imps",72980.1,72980.1099999999,2020-03-31,2013-07-15,2013-07-15,900
"47","OXYG","A18-49",2020-06-19,NA,NA,"Week",2013,"3Q","2013-3Q","Access","L_Imps",67934.8333333333,67934.8433333336,2020-03-31,2013-07-22,2013-07-22,900
"48","OXYG","A18-49",2020-06-19,NA,NA,"Week",2013,"3Q","2013-3Q","Access","L_Imps",74251.2666666667,74251.2766666672,2020-03-31,2013-07-29,2013-07-29,900
"49","OXYG","A18-49",2020-06-19,NA,NA,"Week",2013,"3Q","2013-3Q","Access","L_Imps",88154.8,88154.8100000004,2020-03-31,2013-08-05,2013-08-05,900
"50","OXYG","A18-49",2020-06-19,NA,NA,"Week",2013,"3Q","2013-3Q","Access","L_Imps",91580.7,91580.7100000002,2020-03-31,2013-08-12,2013-08-12,900
"51","OXYG","A18-49",2020-06-19,NA,NA,"Week",2013,"3Q","2013-3Q","Access","L_Imps",86873.5,86873.5100000001,2020-03-31,2013-08-19,2013-08-19,900
"52","OXYG","A18-49",2020-06-19,NA,NA,"Week",2013,"3Q","2013-3Q","Access","L_Imps",110919.366666667,110919.376666667,2020-03-31,2013-08-26,2013-08-26,900
"53","OXYG","A18-49",2020-06-19,NA,NA,"Week",2013,"3Q","2013-3Q","Access","L_Imps",72343.1,72343.1099999999,2020-03-31,2013-09-02,2013-09-02,900
"54","OXYG","A18-49",2020-06-19,NA,NA,"Week",2013,"3Q","2013-3Q","Access","L_Imps",94616.2666666667,94616.2766666668,2020-03-31,2013-09-09,2013-09-09,900
"55","OXYG","A18-49",2020-06-19,NA,NA,"Week",2013,"3Q","2013-3Q","Access","L_Imps",94351.4666666667,94351.4766666667,2020-03-31,2013-09-16,2013-09-16,900
"56","OXYG","A18-49",2020-06-19,NA,NA,"Week",2013,"3Q","2013-3Q","Access","L_Imps",87799.9333333333,87799.9433333333,2020-03-31,2013-09-23,2013-09-23,900
"57","OXYG","A18-49",2020-06-19,NA,NA,"Week",2013,"4Q","2013-4Q","Access","L_Imps",53073.4,70542.2593106432,2020-03-31,2013-09-30,2013-09-30,900
"58","OXYG","A18-49",2020-06-19,NA,NA,"Week",2013,"4Q","2013-4Q","Access","L_Imps",89392.8666666667,73818.9321981369,2020-03-31,2013-10-07,2013-10-07,900
"59","OXYG","A18-49",2020-06-19,NA,NA,"Week",2013,"4Q","2013-4Q","Access","L_Imps",70225.8333333333,72194.0783484813,2020-03-31,2013-10-14,2013-10-14,900
"60","OXYG","A18-49",2020-06-19,NA,NA,"Week",2013,"4Q","2013-4Q","Access","L_Imps",46200.7666666667,69752.3319899113,2020-03-31,2013-10-21,2013-10-21,900
"61","OXYG","A18-49",2020-06-19,NA,NA,"Week",2013,"4Q","2013-4Q","Access","L_Imps",65752.9,57875.5256972006,2020-03-31,2013-10-28,2013-10-28,900
"62","OXYG","A18-49",2020-06-19,NA,NA,"Week",2013,"4Q","2013-4Q","Access","L_Imps",102160,67810.7388048439,2020-03-31,2013-11-04,2013-11-04,900
"63","OXYG","A18-49",2020-06-19,NA,NA,"Week",2013,"4Q","2013-4Q","Access","L_Imps",79587.6,81388.4114945252,2020-03-31,2013-11-11,2013-11-11,900
"64","OXYG","A18-49",2020-06-19,NA,NA,"Week",2013,"4Q","2013-4Q","Access","L_Imps",70822.1333333333,70466.9004454805,2020-03-31,2013-11-18,2013-11-18,900
"65","OXYG","A18-49",2020-06-19,NA,NA,"Week",2013,"4Q","2013-4Q","Access","L_Imps",72742.7666666667,71255.2031305197,2020-03-31,2013-11-25,2013-11-25,900
"66","OXYG","A18-49",2020-06-19,NA,NA,"Week",2013,"4Q","2013-4Q","Access","L_Imps",104137.3,83120.6022267001,2020-03-31,2013-12-02,2013-12-02,900
"67","OXYG","A18-49",2020-06-19,NA,NA,"Week",2013,"4Q","2013-4Q","Access","L_Imps",97825.2666666667,80674.3359430179,2020-03-31,2013-12-09,2013-12-09,900
"68","OXYG","A18-49",2020-06-19,NA,NA,"Week",2013,"4Q","2013-4Q","Access","L_Imps",66310.7,73714.1340298405,2020-03-31,2013-12-16,2013-12-16,900
"69","OXYG","A18-49",2020-06-19,NA,NA,"Week",2013,"4Q","2013-4Q","Access","L_Imps",123911.333333333,87522.0734037693,2020-03-31,2013-12-23,2013-12-23,900
"70","OXYG","A18-49",2020-06-19,NA,NA,"Week",2014,"1Q","2014-1Q","Access","L_Imps",84971.7666666667,100540.984699143,2020-03-31,2013-12-30,2013-12-30,900
"71","OXYG","A18-49",2020-06-19,NA,NA,"Week",2014,"1Q","2014-1Q","Access","L_Imps",82272.5666666667,78232.647313618,2020-03-31,2014-01-06,2014-01-06,900
"72","OXYG","A18-49",2020-06-19,NA,NA,"Week",2014,"1Q","2014-1Q","Access","L_Imps",60378.6333333333,65716.6676265337,2020-03-31,2014-01-13,2014-01-13,900
"73","OXYG","A18-49",2020-06-19,NA,NA,"Week",2014,"1Q","2014-1Q","Access","L_Imps",95978.2333333333,73922.4524207141,2020-03-31,2014-01-20,2014-01-20,900
"74","OXYG","A18-49",2020-06-19,NA,NA,"Week",2014,"1Q","2014-1Q","Access","L_Imps",83914.6666666667,74132.3577977893,2020-03-31,2014-01-27,2014-01-27,900
"75","OXYG","A18-49",2020-06-19,NA,NA,"Week",2014,"1Q","2014-1Q","Access","L_Imps",72942.0333333333,67203.2567152154,2020-03-31,2014-02-03,2014-02-03,900
"76","OXYG","A18-49",2020-06-19,NA,NA,"Week",2014,"1Q","2014-1Q","Access","L_Imps",79155.0333333333,65117.7084599078,2020-03-31,2014-02-10,2014-02-10,900
"77","OXYG","A18-49",2020-06-19,NA,NA,"Week",2014,"1Q","2014-1Q","Access","L_Imps",87368.8333333333,73460.4242982772,2020-03-31,2014-02-17,2014-02-17,900
"78","OXYG","A18-49",2020-06-19,NA,NA,"Week",2014,"1Q","2014-1Q","Access","L_Imps",75251.2666666667,71145.1444958359,2020-03-31,2014-02-24,2014-02-24,900
"79","OXYG","A18-49",2020-06-19,NA,NA,"Week",2014,"1Q","2014-1Q","Access","L_Imps",66858.7666666667,62469.2666307488,2020-03-31,2014-03-03,2014-03-03,900
"80","OXYG","A18-49",2020-06-19,NA,NA,"Week",2014,"1Q","2014-1Q","Access","L_Imps",45333.3,67269.8292769984,2020-03-31,2014-03-10,2014-03-10,900
"81","OXYG","A18-49",2020-06-19,NA,NA,"Week",2014,"1Q","2014-1Q","Access","L_Imps",69203.9333333333,68147.7047055224,2020-03-31,2014-03-17,2014-03-17,900
"82","OXYG","A18-49",2020-06-19,NA,NA,"Week",2014,"1Q","2014-1Q","Access","L_Imps",47405.8666666667,58408.3516802876,2020-03-31,2014-03-24,2014-03-24,900
"83","OXYG","A18-49",2020-06-19,NA,NA,"Week",2014,"2Q","2014-2Q","Access","L_Imps",53806.7,55331.4291358861,2020-03-31,2014-03-31,2014-03-31,900
"84","OXYG","A18-49",2020-06-19,NA,NA,"Week",2014,"2Q","2014-2Q","Access","L_Imps",46657.9666666667,54575.0981803823,2020-03-31,2014-04-07,2014-04-07,900
"85","OXYG","A18-49",2020-06-19,NA,NA,"Week",2014,"2Q","2014-2Q","Access","L_Imps",60637.4,54512.3038226714,2020-03-31,2014-04-14,2014-04-14,900
"86","OXYG","A18-49",2020-06-19,NA,NA,"Week",2014,"2Q","2014-2Q","Access","L_Imps",61789.1666666667,52899.4954708407,2020-03-31,2014-04-21,2014-04-21,900
"87","OXYG","A18-49",2020-06-19,NA,NA,"Week",2014,"2Q","2014-2Q","Access","L_Imps",57118.7333333333,58738.4046588696,2020-03-31,2014-04-28,2014-04-28,900
"88","OXYG","A18-49",2020-06-19,NA,NA,"Week",2014,"2Q","2014-2Q","Access","L_Imps",55363.1666666667,60488.7818963841,2020-03-31,2014-05-05,2014-05-05,900
"89","OXYG","A18-49",2020-06-19,NA,NA,"Week",2014,"2Q","2014-2Q","Access","L_Imps",50186.2,53692.9245818831,2020-03-31,2014-05-12,2014-05-12,900
"90","OXYG","A18-49",2020-06-19,NA,NA,"Week",2014,"2Q","2014-2Q","Access","L_Imps",54748.4,55171.136512347,2020-03-31,2014-05-19,2014-05-19,900
"91","OXYG","A18-49",2020-06-19,NA,NA,"Week",2014,"2Q","2014-2Q","Access","L_Imps",61519.1666666667,70568.4031485126,2020-03-31,2014-05-26,2014-05-26,900
"92","OXYG","A18-49",2020-06-19,NA,NA,"Week",2014,"2Q","2014-2Q","Access","L_Imps",51204.3333333333,56154.7866698728,2020-03-31,2014-06-02,2014-06-02,900
"93","OXYG","A18-49",2020-06-19,NA,NA,"Week",2014,"2Q","2014-2Q","Access","L_Imps",59857.7,54716.4762498268,2020-03-31,2014-06-09,2014-06-09,900
"94","OXYG","A18-49",2020-06-19,NA,NA,"Week",2014,"2Q","2014-2Q","Access","L_Imps",56943.3333333333,61084.0334492646,2020-03-31,2014-06-16,2014-06-16,900
"95","OXYG","A18-49",2020-06-19,NA,NA,"Week",2014,"2Q","2014-2Q","Access","L_Imps",74989.0666666667,58947.3167899857,2020-03-31,2014-06-23,2014-06-23,900
"96","OXYG","A18-49",2020-06-19,NA,NA,"Week",2014,"3Q","2014-3Q","Access","L_Imps",60099.1333333333,54923.3321238007,2020-03-31,2014-06-30,2014-06-30,900
"97","OXYG","A18-49",2020-06-19,NA,NA,"Week",2014,"3Q","2014-3Q","Access","L_Imps",47581,58618.4581858179,2020-03-31,2014-07-07,2014-07-07,900
"98","OXYG","A18-49",2020-06-19,NA,NA,"Week",2014,"3Q","2014-3Q","Access","L_Imps",55010.6666666667,59105.4236134427,2020-03-31,2014-07-14,2014-07-14,900
"99","OXYG","A18-49",2020-06-19,NA,NA,"Week",2014,"3Q","2014-3Q","Access","L_Imps",55682.3666666667,52449.3508239007,2020-03-31,2014-07-21,2014-07-21,900
"100","OXYG","A18-49",2020-06-19,NA,NA,"Week",2014,"3Q","2014-3Q","Access","L_Imps",62561.6,53267.7682946984,2020-03-31,2014-07-28,2014-07-28,900
"101","OXYG","A18-49",2020-06-19,NA,NA,"Week",2014,"3Q","2014-3Q","Access","L_Imps",58295.9333333333,56636.9874134725,2020-03-31,2014-08-04,2014-08-04,900
"102","OXYG","A18-49",2020-06-19,NA,NA,"Week",2014,"3Q","2014-3Q","Access","L_Imps",64767.1333333333,52455.5141695205,2020-03-31,2014-08-11,2014-08-11,900
"103","OXYG","A18-49",2020-06-19,NA,NA,"Week",2014,"3Q","2014-3Q","Access","L_Imps",39104.2666666667,51518.9756480483,2020-03-31,2014-08-18,2014-08-18,900
"104","OXYG","A18-49",2020-06-19,NA,NA,"Week",2014,"3Q","2014-3Q","Access","L_Imps",41605.9,55092.4097588396,2020-03-31,2014-08-25,2014-08-25,900
"105","OXYG","A18-49",2020-06-19,NA,NA,"Week",2014,"3Q","2014-3Q","Access","L_Imps",45975.9333333333,50482.1107368158,2020-03-31,2014-09-01,2014-09-01,900
"106","OXYG","A18-49",2020-06-19,NA,NA,"Week",2014,"3Q","2014-3Q","Access","L_Imps",36183.9333333333,47338.8219599696,2020-03-31,2014-09-08,2014-09-08,900
"107","OXYG","A18-49",2020-06-19,NA,NA,"Week",2014,"3Q","2014-3Q","Access","L_Imps",49463.8666666667,50443.1704440545,2020-03-31,2014-09-15,2014-09-15,900
"108","OXYG","A18-49",2020-06-19,NA,NA,"Week",2014,"3Q","2014-3Q","Access","L_Imps",39226.8,47976.1616085594,2020-03-31,2014-09-22,2014-09-22,900
"109","OXYG","A18-49",2020-06-19,NA,NA,"Week",2014,"4Q","2014-4Q","Access","L_Imps",48873.9,46403.2776232858,2020-03-31,2014-09-29,2014-09-29,900
"110","OXYG","A18-49",2020-06-19,NA,NA,"Week",2014,"4Q","2014-4Q","Access","L_Imps",57281.1666666667,44947.125153241,2020-03-31,2014-10-06,2014-10-06,900
"111","OXYG","A18-49",2020-06-19,NA,NA,"Week",2014,"4Q","2014-4Q","Access","L_Imps",68662.5,50488.5880913845,2020-03-31,2014-10-13,2014-10-13,900
"112","OXYG","A18-49",2020-06-19,NA,NA,"Week",2014,"4Q","2014-4Q","Access","L_Imps",37711.3333333333,52716.7619251584,2020-03-31,2014-10-20,2014-10-20,900
"113","OXYG","A18-49",2020-06-19,NA,NA,"Week",2014,"4Q","2014-4Q","Access","L_Imps",35800.0666666667,45607.4096146638,2020-03-31,2014-10-27,2014-10-27,900
"114","OXYG","A18-49",2020-06-19,NA,NA,"Week",2014,"4Q","2014-4Q","Access","L_Imps",44038.1,46905.5351648594,2020-03-31,2014-11-03,2014-11-03,900
"115","OXYG","A18-49",2020-06-19,NA,NA,"Week",2014,"4Q","2014-4Q","Access","L_Imps",56944.8333333333,52343.1394846941,2020-03-31,2014-11-10,2014-11-10,900
"116","OXYG","A18-49",2020-06-19,NA,NA,"Week",2014,"4Q","2014-4Q","Access","L_Imps",41285.0333333333,51469.0264471453,2020-03-31,2014-11-17,2014-11-17,900
"117","OXYG","A18-49",2020-06-19,NA,NA,"Week",2014,"4Q","2014-4Q","Access","L_Imps",55484,52245.3287059529,2020-03-31,2014-11-24,2014-11-24,900
"118","OXYG","A18-49",2020-06-19,NA,NA,"Week",2014,"4Q","2014-4Q","Access","L_Imps",57921.0666666667,50327.6700729785,2020-03-31,2014-12-01,2014-12-01,900
"119","OXYG","A18-49",2020-06-19,NA,NA,"Week",2014,"4Q","2014-4Q","Access","L_Imps",54427.5333333333,56605.320980888,2020-03-31,2014-12-08,2014-12-08,900
"120","OXYG","A18-49",2020-06-19,NA,NA,"Week",2014,"4Q","2014-4Q","Access","L_Imps",59865.7666666667,55845.0723452128,2020-03-31,2014-12-15,2014-12-15,900
"121","OXYG","A18-49",2020-06-19,NA,NA,"Week",2014,"4Q","2014-4Q","Access","L_Imps",59362.6333333333,58025.8892436825,2020-03-31,2014-12-22,2014-12-22,900
"122","OXYG","A18-49",2020-06-19,NA,NA,"Week",2015,"1Q","2015-1Q","Access","L_Imps",78885.5666666667,73470.0243042081,2020-03-31,2014-12-29,2014-12-29,900
"123","OXYG","A18-49",2020-06-19,NA,NA,"Week",2015,"1Q","2015-1Q","Access","L_Imps",55014.2,56511.2966908593,2020-03-31,2015-01-05,2015-01-05,900
"124","OXYG","A18-49",2020-06-19,NA,NA,"Week",2015,"1Q","2015-1Q","Access","L_Imps",38323.0666666667,51802.6255294825,2020-03-31,2015-01-12,2015-01-12,900
"125","OXYG","A18-49",2020-06-19,NA,NA,"Week",2015,"1Q","2015-1Q","Access","L_Imps",60798,50201.650211539,2020-03-31,2015-01-19,2015-01-19,900
"126","OXYG","A18-49",2020-06-19,NA,NA,"Week",2015,"1Q","2015-1Q","Access","L_Imps",37554.3,51311.0084888621,2020-03-31,2015-01-26,2015-01-26,900
"127","OXYG","A18-49",2020-06-19,NA,NA,"Week",2015,"1Q","2015-1Q","Access","L_Imps",57691.7666666667,50860.5213920929,2020-03-31,2015-02-02,2015-02-02,900
"128","OXYG","A18-49",2020-06-19,NA,NA,"Week",2015,"1Q","2015-1Q","Access","L_Imps",39382.2333333333,43436.0658181693,2020-03-31,2015-02-09,2015-02-09,900
"129","OXYG","A18-49",2020-06-19,NA,NA,"Week",2015,"1Q","2015-1Q","Access","L_Imps",62257.3333333333,50743.539790635,2020-03-31,2015-02-16,2015-02-16,900
"130","OXYG","A18-49",2020-06-19,NA,NA,"Week",2015,"1Q","2015-1Q","Access","L_Imps",60274.8333333333,50916.1995096451,2020-03-31,2015-02-23,2015-02-23,900
"131","OXYG","A18-49",2020-06-19,NA,NA,"Week",2015,"1Q","2015-1Q","Access","L_Imps",46068.6666666667,48777.8003482605,2020-03-31,2015-03-02,2015-03-02,900
"132","OXYG","A18-49",2020-06-19,NA,NA,"Week",2015,"1Q","2015-1Q","Access","L_Imps",44818.9333333333,50618.5047181703,2020-03-31,2015-03-09,2015-03-09,900
"133","OXYG","A18-49",2020-06-19,NA,NA,"Week",2015,"1Q","2015-1Q","Access","L_Imps",46469.4333333333,50406.3246202816,2020-03-31,2015-03-16,2015-03-16,900
"134","OXYG","A18-49",2020-06-19,NA,NA,"Week",2015,"1Q","2015-1Q","Access","L_Imps",60565.3666666667,50071.2390159499,2020-03-31,2015-03-23,2015-03-23,900
"135","OXYG","A18-49",2020-06-19,NA,NA,"Week",2015,"2Q","2015-2Q","Access","L_Imps",51581.8,44250.9568181303,2020-03-31,2015-03-30,2015-03-30,900
"136","OXYG","A18-49",2020-06-19,NA,NA,"Week",2015,"2Q","2015-2Q","Access","L_Imps",44165.9333333333,49731.1725578392,2020-03-31,2015-04-06,2015-04-06,900
"137","OXYG","A18-49",2020-06-19,NA,NA,"Week",2015,"2Q","2015-2Q","Access","L_Imps",57810.6333333333,45991.9103242179,2020-03-31,2015-04-13,2015-04-13,900
"138","OXYG","A18-49",2020-06-19,NA,NA,"Week",2015,"2Q","2015-2Q","Access","L_Imps",49539.3666666667,43657.5785818517,2020-03-31,2015-04-20,2015-04-20,900
"139","OXYG","A18-49",2020-06-19,NA,NA,"Week",2015,"2Q","2015-2Q","Access","L_Imps",70738.8666666667,50884.2201178451,2020-03-31,2015-04-27,2015-04-27,900
"140","OXYG","A18-49",2020-06-19,NA,NA,"Week",2015,"2Q","2015-2Q","Access","L_Imps",42304.1666666667,50643.5811872733,2020-03-31,2015-05-04,2015-05-04,900
"141","OXYG","A18-49",2020-06-19,NA,NA,"Week",2015,"2Q","2015-2Q","Access","L_Imps",55711.9333333333,48286.1394378118,2020-03-31,2015-05-11,2015-05-11,900
"142","OXYG","A18-49",2020-06-19,NA,NA,"Week",2015,"2Q","2015-2Q","Access","L_Imps",41761.9666666667,46092.2734446642,2020-03-31,2015-05-18,2015-05-18,900
"143","OXYG","A18-49",2020-06-19,NA,NA,"Week",2015,"2Q","2015-2Q","Access","L_Imps",56992,59223.3830316998,2020-03-31,2015-05-25,2015-05-25,900
"144","OXYG","A18-49",2020-06-19,NA,NA,"Week",2015,"2Q","2015-2Q","Access","L_Imps",46832.9666666667,48435.3823109391,2020-03-31,2015-06-01,2015-06-01,900
"145","OXYG","A18-49",2020-06-19,NA,NA,"Week",2015,"2Q","2015-2Q","Access","L_Imps",56659.3333333333,45735.6564944469,2020-03-31,2015-06-08,2015-06-08,900
"146","OXYG","A18-49",2020-06-19,NA,NA,"Week",2015,"2Q","2015-2Q","Access","L_Imps",53737.4,50728.0233159493,2020-03-31,2015-06-15,2015-06-15,900
"147","OXYG","A18-49",2020-06-19,NA,NA,"Week",2015,"2Q","2015-2Q","Access","L_Imps",51456.2666666667,50760.9268752092,2020-03-31,2015-06-22,2015-06-22,900
"148","OXYG","A18-49",2020-06-19,NA,NA,"Week",2015,"3Q","2015-3Q","Access","L_Imps",30415.9,45265.9851549165,2020-03-31,2015-06-29,2015-06-29,900
"149","OXYG","A18-49",2020-06-19,NA,NA,"Week",2015,"3Q","2015-3Q","Access","L_Imps",55307.9333333333,45119.4642526501,2020-03-31,2015-07-06,2015-07-06,900
"150","OXYG","A18-49",2020-06-19,NA,NA,"Week",2015,"3Q","2015-3Q","Access","L_Imps",53289.5,46321.7118253027,2020-03-31,2015-07-13,2015-07-13,900
"151","OXYG","A18-49",2020-06-19,NA,NA,"Week",2015,"3Q","2015-3Q","Access","L_Imps",52631.6333333333,48936.818929054,2020-03-31,2015-07-20,2015-07-20,900
"152","OXYG","A18-49",2020-06-19,NA,NA,"Week",2015,"3Q","2015-3Q","Access","L_Imps",56383.6,41559.7000108703,2020-03-31,2015-07-27,2015-07-27,900
"153","OXYG","A18-49",2020-06-19,NA,NA,"Week",2015,"3Q","2015-3Q","Access","L_Imps",56768.2666666667,44688.5630493135,2020-03-31,2015-08-03,2015-08-03,900
"154","OXYG","A18-49",2020-06-19,NA,NA,"Week",2015,"3Q","2015-3Q","Access","L_Imps",63885.0333333333,50808.8678479955,2020-03-31,2015-08-10,2015-08-10,900
"155","OXYG","A18-49",2020-06-19,NA,NA,"Week",2015,"3Q","2015-3Q","Access","L_Imps",45094.0666666667,48102.0364227795,2020-03-31,2015-08-17,2015-08-17,900
"156","OXYG","A18-49",2020-06-19,NA,NA,"Week",2015,"3Q","2015-3Q","Access","L_Imps",53264.1666666667,44971.9601054652,2020-03-31,2015-08-24,2015-08-24,900
"157","OXYG","A18-49",2020-06-19,NA,NA,"Week",2015,"3Q","2015-3Q","Access","L_Imps",43336.1,48944.4124350203,2020-03-31,2015-08-31,2015-08-31,900
"158","OXYG","A18-49",2020-06-19,NA,NA,"Week",2015,"3Q","2015-3Q","Access","L_Imps",52855.3,51135.6049070752,2020-03-31,2015-09-07,2015-09-07,900
"159","OXYG","A18-49",2020-06-19,NA,NA,"Week",2015,"3Q","2015-3Q","Access","L_Imps",53902.1666666667,41690.5044125726,2020-03-31,2015-09-14,2015-09-14,900
"160","OXYG","A18-49",2020-06-19,NA,NA,"Week",2015,"3Q","2015-3Q","Access","L_Imps",50867.9333333333,46561.0815697503,2020-03-31,2015-09-21,2015-09-21,900
"161","OXYG","A18-49",2020-06-19,NA,NA,"Week",2015,"4Q","2015-4Q","Access","L_Imps",47665.6333333333,48283.5134395673,2020-03-31,2015-09-28,2015-09-28,900
"162","OXYG","A18-49",2020-06-19,NA,NA,"Week",2015,"4Q","2015-4Q","Access","L_Imps",34962.0333333333,40662.528782351,2020-03-31,2015-10-05,2015-10-05,900
"163","OXYG","A18-49",2020-06-19,NA,NA,"Week",2015,"4Q","2015-4Q","Access","L_Imps",32439.5333333333,37861.2116669286,2020-03-31,2015-10-12,2015-10-12,900
"164","OXYG","A18-49",2020-06-19,NA,NA,"Week",2015,"4Q","2015-4Q","Access","L_Imps",40824.7333333333,43745.9661695388,2020-03-31,2015-10-19,2015-10-19,900
"165","OXYG","A18-49",2020-06-19,NA,NA,"Week",2015,"4Q","2015-4Q","Access","L_Imps",41755.8666666667,40186.7351781961,2020-03-31,2015-10-26,2015-10-26,900
"166","OXYG","A18-49",2020-06-19,NA,NA,"Week",2015,"4Q","2015-4Q","Access","L_Imps",34427.9666666667,40574.3887367619,2020-03-31,2015-11-02,2015-11-02,900
"167","OXYG","A18-49",2020-06-19,NA,NA,"Week",2015,"4Q","2015-4Q","Access","L_Imps",36136.3333333333,41722.0313238505,2020-03-31,2015-11-09,2015-11-09,900
"168","OXYG","A18-49",2020-06-19,NA,NA,"Week",2015,"4Q","2015-4Q","Access","L_Imps",36887.6,43321.6805159742,2020-03-31,2015-11-16,2015-11-16,900
"169","OXYG","A18-49",2020-06-19,NA,NA,"Week",2015,"4Q","2015-4Q","Access","L_Imps",47479.9333333333,43310.6101966905,2020-03-31,2015-11-23,2015-11-23,900
"170","OXYG","A18-49",2020-06-19,NA,NA,"Week",2015,"4Q","2015-4Q","Access","L_Imps",45419.8333333333,41688.3449929309,2020-03-31,2015-11-30,2015-11-30,900
"171","OXYG","A18-49",2020-06-19,NA,NA,"Week",2015,"4Q","2015-4Q","Access","L_Imps",36905.7666666667,45471.4894579951,2020-03-31,2015-12-07,2015-12-07,900
"172","OXYG","A18-49",2020-06-19,NA,NA,"Week",2015,"4Q","2015-4Q","Access","L_Imps",46019.7333333333,44433.5054331274,2020-03-31,2015-12-14,2015-12-14,900
"173","OXYG","A18-49",2020-06-19,NA,NA,"Week",2015,"4Q","2015-4Q","Access","L_Imps",48378.1666666667,48055.8232351629,2020-03-31,2015-12-21,2015-12-21,900
"174","OXYG","A18-49",2020-06-19,NA,NA,"Week",2016,"1Q","2016-1Q","Access","L_Imps",50524.6333333333,56180.3737256013,2020-03-31,2015-12-28,2015-12-28,900
"175","OXYG","A18-49",2020-06-19,NA,NA,"Week",2016,"1Q","2016-1Q","Access","L_Imps",39988.9666666667,45821.3736141264,2020-03-31,2016-01-04,2016-01-04,900
"176","OXYG","A18-49",2020-06-19,NA,NA,"Week",2016,"1Q","2016-1Q","Access","L_Imps",34215.4,42121.9959962776,2020-03-31,2016-01-11,2016-01-11,900
"177","OXYG","A18-49",2020-06-19,NA,NA,"Week",2016,"1Q","2016-1Q","Access","L_Imps",42493.2333333333,42031.6482477842,2020-03-31,2016-01-18,2016-01-18,900
"178","OXYG","A18-49",2020-06-19,NA,NA,"Week",2016,"1Q","2016-1Q","Access","L_Imps",51629.3,46209.3290444833,2020-03-31,2016-01-25,2016-01-25,900
"179","OXYG","A18-49",2020-06-19,NA,NA,"Week",2016,"1Q","2016-1Q","Access","L_Imps",39765.9333333333,41120.5879626518,2020-03-31,2016-02-01,2016-02-01,900
"180","OXYG","A18-49",2020-06-19,NA,NA,"Week",2016,"1Q","2016-1Q","Access","L_Imps",31022.6333333333,41234.1687903695,2020-03-31,2016-02-08,2016-02-08,900
"181","OXYG","A18-49",2020-06-19,NA,NA,"Week",2016,"1Q","2016-1Q","Access","L_Imps",32069.9333333333,40262.2093816851,2020-03-31,2016-02-15,2016-02-15,900
"182","OXYG","A18-49",2020-06-19,NA,NA,"Week",2016,"1Q","2016-1Q","Access","L_Imps",34071.8,39138.7439223833,2020-03-31,2016-02-22,2016-02-22,900
"183","OXYG","A18-49",2020-06-19,NA,NA,"Week",2016,"1Q","2016-1Q","Access","L_Imps",31556.3,38337.3330977858,2020-03-31,2016-02-29,2016-02-29,900
"184","OXYG","A18-49",2020-06-19,NA,NA,"Week",2016,"1Q","2016-1Q","Access","L_Imps",34173.3333333333,38157.2952133847,2020-03-31,2016-03-07,2016-03-07,900
"185","OXYG","A18-49",2020-06-19,NA,NA,"Week",2016,"1Q","2016-1Q","Access","L_Imps",42998.1333333333,38040.5373710172,2020-03-31,2016-03-14,2016-03-14,900
"186","OXYG","A18-49",2020-06-19,NA,NA,"Week",2016,"1Q","2016-1Q","Access","L_Imps",43371.3,38427.7488194894,2020-03-31,2016-03-21,2016-03-21,900
"187","OXYG","A18-49",2020-06-19,NA,NA,"Week",2016,"2Q","2016-2Q","Access","L_Imps",40806.8666666667,37944.1682335984,2020-03-31,2016-03-28,2016-03-28,900
"188","OXYG","A18-49",2020-06-19,NA,NA,"Week",2016,"2Q","2016-2Q","Access","L_Imps",34267.7,37285.424417669,2020-03-31,2016-04-04,2016-04-04,900
"189","OXYG","A18-49",2020-06-19,NA,NA,"Week",2016,"2Q","2016-2Q","Access","L_Imps",28285.1666666667,36433.4158233204,2020-03-31,2016-04-11,2016-04-11,900
"190","OXYG","A18-49",2020-06-19,NA,NA,"Week",2016,"2Q","2016-2Q","Access","L_Imps",29893.5666666667,36106.2376867084,2020-03-31,2016-04-18,2016-04-18,900
"191","OXYG","A18-49",2020-06-19,NA,NA,"Week",2016,"2Q","2016-2Q","Access","L_Imps",31170.6,34764.3020158621,2020-03-31,2016-04-25,2016-04-25,900
"192","OXYG","A18-49",2020-06-19,NA,NA,"Week",2016,"2Q","2016-2Q","Access","L_Imps",39615.8333333333,36571.2491979975,2020-03-31,2016-05-02,2016-05-02,900
"193","OXYG","A18-49",2020-06-19,NA,NA,"Week",2016,"2Q","2016-2Q","Access","L_Imps",37438.2666666667,36435.2548032703,2020-03-31,2016-05-09,2016-05-09,900
"194","OXYG","A18-49",2020-06-19,NA,NA,"Week",2016,"2Q","2016-2Q","Access","L_Imps",38437.3666666667,37870.3507509647,2020-03-31,2016-05-16,2016-05-16,900
"195","OXYG","A18-49",2020-06-19,NA,NA,"Week",2016,"2Q","2016-2Q","Access","L_Imps",47867.5666666667,36689.1257668226,2020-03-31,2016-05-23,2016-05-23,900
"196","OXYG","A18-49",2020-06-19,NA,NA,"Week",2016,"2Q","2016-2Q","Access","L_Imps",44587.1,46805.4699678542,2020-03-31,2016-05-30,2016-05-30,900
"197","OXYG","A18-49",2020-06-19,NA,NA,"Week",2016,"2Q","2016-2Q","Access","L_Imps",37111.9333333333,41852.1051966651,2020-03-31,2016-06-06,2016-06-06,900
"198","OXYG","A18-49",2020-06-19,NA,NA,"Week",2016,"2Q","2016-2Q","Access","L_Imps",51233.7333333333,37744.5161973453,2020-03-31,2016-06-13,2016-06-13,900
"199","OXYG","A18-49",2020-06-19,NA,NA,"Week",2016,"2Q","2016-2Q","Access","L_Imps",32891.5333333333,39958.8550937697,2020-03-31,2016-06-20,2016-06-20,900
"200","OXYG","A18-49",2020-06-19,NA,NA,"Week",2016,"3Q","2016-3Q","Access","L_Imps",54429.4666666667,44625.0944015895,2020-03-31,2016-06-27,2016-06-27,900
"201","OXYG","A18-49",2020-06-19,NA,NA,"Week",2016,"3Q","2016-3Q","Access","L_Imps",51421.5666666667,36889.3505462196,2020-03-31,2016-07-04,2016-07-04,900
"202","OXYG","A18-49",2020-06-19,NA,NA,"Week",2016,"3Q","2016-3Q","Access","L_Imps",34119.4333333333,40275.9760279083,2020-03-31,2016-07-11,2016-07-11,900
"203","OXYG","A18-49",2020-06-19,NA,NA,"Week",2016,"3Q","2016-3Q","Access","L_Imps",39160.6666666667,42764.5130209645,2020-03-31,2016-07-18,2016-07-18,900
"204","OXYG","A18-49",2020-06-19,NA,NA,"Week",2016,"3Q","2016-3Q","Access","L_Imps",28968.8666666667,35607.7200453502,2020-03-31,2016-07-25,2016-07-25,900
"205","OXYG","A18-49",2020-06-19,NA,NA,"Week",2016,"3Q","2016-3Q","Access","L_Imps",40336.1,34724.052614034,2020-03-31,2016-08-01,2016-08-01,900
"206","OXYG","A18-49",2020-06-19,NA,NA,"Week",2016,"3Q","2016-3Q","Access","L_Imps",28896.0333333333,37123.5451216561,2020-03-31,2016-08-08,2016-08-08,900
"207","OXYG","A18-49",2020-06-19,NA,NA,"Week",2016,"3Q","2016-3Q","Access","L_Imps",28320.6666666667,36680.4107089601,2020-03-31,2016-08-15,2016-08-15,900
"208","OXYG","A18-49",2020-06-19,NA,NA,"Week",2016,"3Q","2016-3Q","Access","L_Imps",25938.4666666667,30549.6655517994,2020-03-31,2016-08-22,2016-08-22,900
"209","OXYG","A18-49",2020-06-19,NA,NA,"Week",2016,"3Q","2016-3Q","Access","L_Imps",39355.8333333333,34720.5037136861,2020-03-31,2016-08-29,2016-08-29,900
"210","OXYG","A18-49",2020-06-19,NA,NA,"Week",2016,"3Q","2016-3Q","Access","L_Imps",49118.5666666667,36917.8985352004,2020-03-31,2016-09-05,2016-09-05,900
"211","OXYG","A18-49",2020-06-19,NA,NA,"Week",2016,"3Q","2016-3Q","Access","L_Imps",30622.5666666667,34457.2229654144,2020-03-31,2016-09-12,2016-09-12,900
"212","OXYG","A18-49",2020-06-19,NA,NA,"Week",2016,"3Q","2016-3Q","Access","L_Imps",36152.0333333333,34167.9089948131,2020-03-31,2016-09-19,2016-09-19,900
"213","OXYG","A18-49",2020-06-19,NA,NA,"Week",2016,"4Q","2016-4Q","Access","L_Imps",31603.0333333333,34497.9639511621,2020-03-31,2016-09-26,2016-09-26,900
"214","OXYG","A18-49",2020-06-19,NA,NA,"Week",2016,"4Q","2016-4Q","Access","L_Imps",40296.2,36614.4203019676,2020-03-31,2016-10-03,2016-10-03,900
"215","OXYG","A18-49",2020-06-19,NA,NA,"Week",2016,"4Q","2016-4Q","Access","L_Imps",39814.9,33053.7152836541,2020-03-31,2016-10-10,2016-10-10,900
"216","OXYG","A18-49",2020-06-19,NA,NA,"Week",2016,"4Q","2016-4Q","Access","L_Imps",40733,34751.2876563818,2020-03-31,2016-10-17,2016-10-17,900
"217","OXYG","A18-49",2020-06-19,NA,NA,"Week",2016,"4Q","2016-4Q","Access","L_Imps",45055.5333333333,37609.3008099565,2020-03-31,2016-10-24,2016-10-24,900
"218","OXYG","A18-49",2020-06-19,NA,NA,"Week",2016,"4Q","2016-4Q","Access","L_Imps",43144.5,34697.505333276,2020-03-31,2016-10-31,2016-10-31,900
"219","OXYG","A18-49",2020-06-19,NA,NA,"Week",2016,"4Q","2016-4Q","Access","L_Imps",41530.8666666667,38418.9454693088,2020-03-31,2016-11-07,2016-11-07,900
"220","OXYG","A18-49",2020-06-19,NA,NA,"Week",2016,"4Q","2016-4Q","Access","L_Imps",37893.8666666667,41544.4696975153,2020-03-31,2016-11-14,2016-11-14,900
"221","OXYG","A18-49",2020-06-19,NA,NA,"Week",2016,"4Q","2016-4Q","Access","L_Imps",39527.0666666667,42016.825208556,2020-03-31,2016-11-21,2016-11-21,900
"222","OXYG","A18-49",2020-06-19,NA,NA,"Week",2016,"4Q","2016-4Q","Access","L_Imps",41313.3333333333,37433.4163188103,2020-03-31,2016-11-28,2016-11-28,900
"223","OXYG","A18-49",2020-06-19,NA,NA,"Week",2016,"4Q","2016-4Q","Access","L_Imps",36388.4,39999.6546912035,2020-03-31,2016-12-05,2016-12-05,900
"224","OXYG","A18-49",2020-06-19,NA,NA,"Week",2016,"4Q","2016-4Q","Access","L_Imps",44901,40109.6377705724,2020-03-31,2016-12-12,2016-12-12,900
"225","OXYG","A18-49",2020-06-19,NA,NA,"Week",2016,"4Q","2016-4Q","Access","L_Imps",43592.4,45304.8485843668,2020-03-31,2016-12-19,2016-12-19,900
"226","OXYG","A18-49",2020-06-19,NA,NA,"Week",2017,"1Q","2017-1Q","Access","L_Imps",54042.9333333333,47956.714833251,2020-03-31,2016-12-26,2016-12-26,900
"227","OXYG","A18-49",2020-06-19,NA,NA,"Week",2017,"1Q","2017-1Q","Access","L_Imps",58361.0333333333,66633.8874028556,2020-03-31,2017-01-02,2017-01-02,900
"228","OXYG","A18-49",2020-06-19,NA,NA,"Week",2017,"1Q","2017-1Q","Access","L_Imps",52030.9666666667,64475.0198313642,2020-03-31,2017-01-09,2017-01-09,900
"229","OXYG","A18-49",2020-06-19,NA,NA,"Week",2017,"1Q","2017-1Q","Access","L_Imps",55874,57346.2391225883,2020-03-31,2017-01-16,2017-01-16,900
"230","OXYG","A18-49",2020-06-19,NA,NA,"Week",2017,"1Q","2017-1Q","Access","L_Imps",65225.4333333333,60045.716124303,2020-03-31,2017-01-23,2017-01-23,900
"231","OXYG","A18-49",2020-06-19,NA,NA,"Week",2017,"1Q","2017-1Q","Access","L_Imps",64627.4333333333,61544.9941664896,2020-03-31,2017-01-30,2017-01-30,900
"232","OXYG","A18-49",2020-06-19,NA,NA,"Week",2017,"1Q","2017-1Q","Access","L_Imps",47457,58189.4568552892,2020-03-31,2017-02-06,2017-02-06,900
"233","OXYG","A18-49",2020-06-19,NA,NA,"Week",2017,"1Q","2017-1Q","Access","L_Imps",50958.5,56674.7494457932,2020-03-31,2017-02-13,2017-02-13,900
"234","OXYG","A18-49",2020-06-19,NA,NA,"Week",2017,"1Q","2017-1Q","Access","L_Imps",47678.6666666667,58884.8092652445,2020-03-31,2017-02-20,2017-02-20,900
"235","OXYG","A18-49",2020-06-19,NA,NA,"Week",2017,"1Q","2017-1Q","Access","L_Imps",54706.6666666667,57661.2941952427,2020-03-31,2017-02-27,2017-02-27,900
"236","OXYG","A18-49",2020-06-19,NA,NA,"Week",2017,"1Q","2017-1Q","Access","L_Imps",56662.5333333333,52308.9462114034,2020-03-31,2017-03-06,2017-03-06,900
"237","OXYG","A18-49",2020-06-19,NA,NA,"Week",2017,"1Q","2017-1Q","Access","L_Imps",61199.9666666667,55282.9871682342,2020-03-31,2017-03-13,2017-03-13,900
"238","OXYG","A18-49",2020-06-19,NA,NA,"Week",2017,"1Q","2017-1Q","Access","L_Imps",63301.0333333333,59130.7918039013,2020-03-31,2017-03-20,2017-03-20,900
"239","OXYG","A18-49",2020-06-19,NA,NA,"Week",2017,"2Q","2017-2Q","Access","L_Imps",69868.5666666667,51157.8872606055,2020-03-31,2017-03-27,2017-03-27,900
"240","OXYG","A18-49",2020-06-19,NA,NA,"Week",2017,"2Q","2017-2Q","Access","L_Imps",53899.7666666667,53205.4467975155,2020-03-31,2017-04-03,2017-04-03,900
"241","OXYG","A18-49",2020-06-19,NA,NA,"Week",2017,"2Q","2017-2Q","Access","L_Imps",59929.4333333333,60500.6175540069,2020-03-31,2017-04-10,2017-04-10,900
"242","OXYG","A18-49",2020-06-19,NA,NA,"Week",2017,"2Q","2017-2Q","Access","L_Imps",63530.6333333333,55920.36507772,2020-03-31,2017-04-17,2017-04-17,900
"243","OXYG","A18-49",2020-06-19,NA,NA,"Week",2017,"2Q","2017-2Q","Access","L_Imps",47589.3333333333,53484.2523084024,2020-03-31,2017-04-24,2017-04-24,900
"244","OXYG","A18-49",2020-06-19,NA,NA,"Week",2017,"2Q","2017-2Q","Access","L_Imps",64121.0333333333,58463.4715273409,2020-03-31,2017-05-01,2017-05-01,900
"245","OXYG","A18-49",2020-06-19,NA,NA,"Week",2017,"2Q","2017-2Q","Access","L_Imps",56702.0666666667,55437.41661774,2020-03-31,2017-05-08,2017-05-08,900
"246","OXYG","A18-49",2020-06-19,NA,NA,"Week",2017,"2Q","2017-2Q","Access","L_Imps",53252.8,54562.9231450152,2020-03-31,2017-05-15,2017-05-15,900
"247","OXYG","A18-49",2020-06-19,NA,NA,"Week",2017,"2Q","2017-2Q","Access","L_Imps",61342.4333333333,54248.7859508977,2020-03-31,2017-05-22,2017-05-22,900
"248","OXYG","A18-49",2020-06-19,NA,NA,"Week",2017,"2Q","2017-2Q","Access","L_Imps",69456.9,68513.5354602225,2020-03-31,2017-05-29,2017-05-29,900
"249","OXYG","A18-49",2020-06-19,NA,NA,"Week",2017,"2Q","2017-2Q","Access","L_Imps",52632.4666666667,59238.092518529,2020-03-31,2017-06-05,2017-06-05,900
"250","OXYG","A18-49",2020-06-19,NA,NA,"Week",2017,"2Q","2017-2Q","Access","L_Imps",50608.2,54740.7932592488,2020-03-31,2017-06-12,2017-06-12,900
"251","OXYG","A18-49",2020-06-19,NA,NA,"Week",2017,"2Q","2017-2Q","Access","L_Imps",57988.4666666667,57359.761406992,2020-03-31,2017-06-19,2017-06-19,900
"252","OXYG","A18-49",2020-06-19,NA,NA,"Week",2017,"3Q","2017-3Q","Access","L_Imps",51100.5333333333,54372.7880695454,2020-03-31,2017-06-26,2017-06-26,900
"253","OXYG","A18-49",2020-06-19,NA,NA,"Week",2017,"3Q","2017-3Q","Access","L_Imps",57541.8333333333,54108.9712677071,2020-03-31,2017-07-03,2017-07-03,900
"254","OXYG","A18-49",2020-06-19,NA,NA,"Week",2017,"3Q","2017-3Q","Access","L_Imps",52796.3666666667,53745.443983331,2020-03-31,2017-07-10,2017-07-10,900
"255","OXYG","A18-49",2020-06-19,NA,NA,"Week",2017,"3Q","2017-3Q","Access","L_Imps",63709.5666666667,56291.2733013925,2020-03-31,2017-07-17,2017-07-17,900
"256","OXYG","A18-49",2020-06-19,NA,NA,"Week",2017,"3Q","2017-3Q","Access","L_Imps",61138.4333333333,57271.4972168975,2020-03-31,2017-07-24,2017-07-24,900
"257","OXYG","A18-49",2020-06-19,NA,NA,"Week",2017,"3Q","2017-3Q","Access","L_Imps",61274.2,52775.0155336688,2020-03-31,2017-07-31,2017-07-31,900
"258","OXYG","A18-49",2020-06-19,NA,NA,"Week",2017,"3Q","2017-3Q","Access","L_Imps",53854.9,55655.2013857567,2020-03-31,2017-08-07,2017-08-07,900
"259","OXYG","A18-49",2020-06-19,NA,NA,"Week",2017,"3Q","2017-3Q","Access","L_Imps",51223.7333333333,57205.3869311579,2020-03-31,2017-08-14,2017-08-14,900
"260","OXYG","A18-49",2020-06-19,NA,NA,"Week",2017,"3Q","2017-3Q","Access","L_Imps",47419.4333333333,53871.8868018761,2020-03-31,2017-08-21,2017-08-21,900
"261","OXYG","A18-49",2020-06-19,NA,NA,"Week",2017,"3Q","2017-3Q","Access","L_Imps",57414.7333333333,51470.696319553,2020-03-31,2017-08-28,2017-08-28,900
"262","OXYG","A18-49",2020-06-19,NA,NA,"Week",2017,"3Q","2017-3Q","Access","L_Imps",42519.3666666667,52726.7862282275,2020-03-31,2017-09-04,2017-09-04,900
"263","OXYG","A18-49",2020-06-19,NA,NA,"Week",2017,"3Q","2017-3Q","Access","L_Imps",41988.3,54373.7433556261,2020-03-31,2017-09-11,2017-09-11,900
"264","OXYG","A18-49",2020-06-19,NA,NA,"Week",2017,"3Q","2017-3Q","Access","L_Imps",47239.3,47255.1491737584,2020-03-31,2017-09-18,2017-09-18,900
"265","OXYG","A18-49",2020-06-19,NA,NA,"Week",2017,"4Q","2017-4Q","Access","L_Imps",47092.2666666667,48179.7830398309,2020-03-31,2017-09-25,2017-09-25,900
"266","OXYG","A18-49",2020-06-19,NA,NA,"Week",2017,"4Q","2017-4Q","Access","L_Imps",42093.2333333333,50918.1927693501,2020-03-31,2017-10-02,2017-10-02,900
"267","OXYG","A18-49",2020-06-19,NA,NA,"Week",2017,"4Q","2017-4Q","Access","L_Imps",48992.5,45002.0559999817,2020-03-31,2017-10-09,2017-10-09,900
"268","OXYG","A18-49",2020-06-19,NA,NA,"Week",2017,"4Q","2017-4Q","Access","L_Imps",40982.8,44394.672719928,2020-03-31,2017-10-16,2017-10-16,900
"269","OXYG","A18-49",2020-06-19,NA,NA,"Week",2017,"4Q","2017-4Q","Access","L_Imps",46689.2666666667,51328.7145182781,2020-03-31,2017-10-23,2017-10-23,900
"270","OXYG","A18-49",2020-06-19,NA,NA,"Week",2017,"4Q","2017-4Q","Access","L_Imps",49167.2333333333,44558.3774120087,2020-03-31,2017-10-30,2017-10-30,900
"271","OXYG","A18-49",2020-06-19,NA,NA,"Week",2017,"4Q","2017-4Q","Access","L_Imps",43323.4,47788.1282492594,2020-03-31,2017-11-06,2017-11-06,900
"272","OXYG","A18-49",2020-06-19,NA,NA,"Week",2017,"4Q","2017-4Q","Access","L_Imps",54233.7,54800.4159081249,2020-03-31,2017-11-13,2017-11-13,900
"273","OXYG","A18-49",2020-06-19,NA,NA,"Week",2017,"4Q","2017-4Q","Access","L_Imps",65734.8666666667,58684.0091207957,2020-03-31,2017-11-20,2017-11-20,900
"274","OXYG","A18-49",2020-06-19,NA,NA,"Week",2017,"4Q","2017-4Q","Access","L_Imps",40274.9666666667,53481.8248835309,2020-03-31,2017-11-27,2017-11-27,900
"275","OXYG","A18-49",2020-06-19,NA,NA,"Week",2017,"4Q","2017-4Q","Access","L_Imps",52809.4666666667,54672.6985392002,2020-03-31,2017-12-04,2017-12-04,900
"276","OXYG","A18-49",2020-06-19,NA,NA,"Week",2017,"4Q","2017-4Q","Access","L_Imps",53138.1666666667,52724.9013673061,2020-03-31,2017-12-11,2017-12-11,900
"277","OXYG","A18-49",2020-06-19,NA,NA,"Week",2017,"4Q","2017-4Q","Access","L_Imps",60263.0666666667,57794.5487382867,2020-03-31,2017-12-18,2017-12-18,900
"278","OXYG","A18-49",2020-06-19,NA,NA,"Week",2017,"4Q","2017-4Q","Access","L_Imps",72598.8333333333,78221.5365999997,2020-03-31,2017-12-25,2017-12-25,900
"279","OXYG","A18-49",2020-06-19,NA,NA,"Week",2018,"1Q","2018-1Q","Access","L_Imps",75303.7666666667,57087.0280658661,2020-03-31,2018-01-01,2018-01-01,900
"280","OXYG","A18-49",2020-06-19,NA,NA,"Week",2018,"1Q","2018-1Q","Access","L_Imps",72726.3333333333,60040.8581700861,2020-03-31,2018-01-08,2018-01-08,900
"281","OXYG","A18-49",2020-06-19,NA,NA,"Week",2018,"1Q","2018-1Q","Access","L_Imps",68150.2,63589.9012710799,2020-03-31,2018-01-15,2018-01-15,900
"282","OXYG","A18-49",2020-06-19,NA,NA,"Week",2018,"1Q","2018-1Q","Access","L_Imps",68915.4333333333,59129.1042888355,2020-03-31,2018-01-22,2018-01-22,900
"283","OXYG","A18-49",2020-06-19,NA,NA,"Week",2018,"1Q","2018-1Q","Access","L_Imps",53724.7,56857.0570115496,2020-03-31,2018-01-29,2018-01-29,900
"284","OXYG","A18-49",2020-06-19,NA,NA,"Week",2018,"1Q","2018-1Q","Access","L_Imps",59066.8,62095.0139572433,2020-03-31,2018-02-05,2018-02-05,900
"285","OXYG","A18-49",2020-06-19,NA,NA,"Week",2018,"1Q","2018-1Q","Access","L_Imps",65393.6333333333,56658.4572352378,2020-03-31,2018-02-12,2018-02-12,900
"286","OXYG","A18-49",2020-06-19,NA,NA,"Week",2018,"1Q","2018-1Q","Access","L_Imps",65818.7333333333,56510.6681896935,2020-03-31,2018-02-19,2018-02-19,900
"287","OXYG","A18-49",2020-06-19,NA,NA,"Week",2018,"1Q","2018-1Q","Access","L_Imps",59349.6,60266.4391376303,2020-03-31,2018-02-26,2018-02-26,900
"288","OXYG","A18-49",2020-06-19,NA,NA,"Week",2018,"1Q","2018-1Q","Access","L_Imps",71315.4,57675.3083117795,2020-03-31,2018-03-05,2018-03-05,900
"289","OXYG","A18-49",2020-06-19,NA,NA,"Week",2018,"1Q","2018-1Q","Access","L_Imps",58071.0333333333,54172.7858097232,2020-03-31,2018-03-12,2018-03-12,900
"290","OXYG","A18-49",2020-06-19,NA,NA,"Week",2018,"1Q","2018-1Q","Access","L_Imps",71614.4333333333,59707.6708212439,2020-03-31,2018-03-19,2018-03-19,900
"291","OXYG","A18-49",2020-06-19,NA,NA,"Week",2018,"1Q","2018-1Q","Access","L_Imps",57158.8,57968.4965892203,2020-03-31,2018-03-26,2018-03-26,900
"292","OXYG","A18-49",2020-06-19,NA,NA,"Week",2018,"2Q","2018-2Q","Access","L_Imps",54933.3,52978.7281531489,2020-03-31,2018-04-02,2018-04-02,900
"293","OXYG","A18-49",2020-06-19,NA,NA,"Week",2018,"2Q","2018-2Q","Access","L_Imps",46205,50856.6233221395,2020-03-31,2018-04-09,2018-04-09,900
"294","OXYG","A18-49",2020-06-19,NA,NA,"Week",2018,"2Q","2018-2Q","Access","L_Imps",62111.0666666667,52992.2126693857,2020-03-31,2018-04-16,2018-04-16,900
"295","OXYG","A18-49",2020-06-19,NA,NA,"Week",2018,"2Q","2018-2Q","Access","L_Imps",53218,51476.6186365311,2020-03-31,2018-04-23,2018-04-23,900
"296","OXYG","A18-49",2020-06-19,NA,NA,"Week",2018,"2Q","2018-2Q","Access","L_Imps",50150.4,52453.0691594649,2020-03-31,2018-04-30,2018-04-30,900
"297","OXYG","A18-49",2020-06-19,NA,NA,"Week",2018,"2Q","2018-2Q","Access","L_Imps",56172.4333333333,52880.0724722484,2020-03-31,2018-05-07,2018-05-07,900
"298","OXYG","A18-49",2020-06-19,NA,NA,"Week",2018,"2Q","2018-2Q","Access","L_Imps",46527.1666666667,53073.501926302,2020-03-31,2018-05-14,2018-05-14,900
"299","OXYG","A18-49",2020-06-19,NA,NA,"Week",2018,"2Q","2018-2Q","Access","L_Imps",58167.7666666667,51654.0593189854,2020-03-31,2018-05-21,2018-05-21,900
"300","OXYG","A18-49",2020-06-19,NA,NA,"Week",2018,"2Q","2018-2Q","Access","L_Imps",52966.9333333333,60980.9656857175,2020-03-31,2018-05-28,2018-05-28,900
"301","OXYG","A18-49",2020-06-19,NA,NA,"Week",2018,"2Q","2018-2Q","Access","L_Imps",51980.6333333333,56148.4426506268,2020-03-31,2018-06-04,2018-06-04,900
"302","OXYG","A18-49",2020-06-19,NA,NA,"Week",2018,"2Q","2018-2Q","Access","L_Imps",58628.3333333333,52778.7386985658,2020-03-31,2018-06-11,2018-06-11,900
"303","OXYG","A18-49",2020-06-19,NA,NA,"Week",2018,"2Q","2018-2Q","Access","L_Imps",62254,52969.4291076503,2020-03-31,2018-06-18,2018-06-18,900
"304","OXYG","A18-49",2020-06-19,NA,NA,"Week",2018,"2Q","2018-2Q","Access","L_Imps",50256.0666666667,57112.9720556816,2020-03-31,2018-06-25,2018-06-25,900
"305","OXYG","A18-49",2020-06-19,NA,NA,"Week",2018,"3Q","2018-3Q","Access","L_Imps",67962.2333333333,53963.4112706229,2020-03-31,2018-07-02,2018-07-02,900
"306","OXYG","A18-49",2020-06-19,NA,NA,"Week",2018,"3Q","2018-3Q","Access","L_Imps",43565.5333333333,50934.5604223164,2020-03-31,2018-07-09,2018-07-09,900
"307","OXYG","A18-49",2020-06-19,NA,NA,"Week",2018,"3Q","2018-3Q","Access","L_Imps",63972.9,55465.9926763326,2020-03-31,2018-07-16,2018-07-16,900
"308","OXYG","A18-49",2020-06-19,NA,NA,"Week",2018,"3Q","2018-3Q","Access","L_Imps",46558.7333333333,51636.1763961406,2020-03-31,2018-07-23,2018-07-23,900
"309","OXYG","A18-49",2020-06-19,NA,NA,"Week",2018,"3Q","2018-3Q","Access","L_Imps",38404.4,49414.9531561528,2020-03-31,2018-07-30,2018-07-30,900
"310","OXYG","A18-49",2020-06-19,NA,NA,"Week",2018,"3Q","2018-3Q","Access","L_Imps",59499.7333333333,48443.0475140587,2020-03-31,2018-08-06,2018-08-06,900
"311","OXYG","A18-49",2020-06-19,NA,NA,"Week",2018,"3Q","2018-3Q","Access","L_Imps",48577.9333333333,49678.149542633,2020-03-31,2018-08-13,2018-08-13,900
"312","OXYG","A18-49",2020-06-19,NA,NA,"Week",2018,"3Q","2018-3Q","Access","L_Imps",50209.6,52739.4687968775,2020-03-31,2018-08-20,2018-08-20,900
"313","OXYG","A18-49",2020-06-19,NA,NA,"Week",2018,"3Q","2018-3Q","Access","L_Imps",57316.3,47614.7195378043,2020-03-31,2018-08-27,2018-08-27,900
"314","OXYG","A18-49",2020-06-19,NA,NA,"Week",2018,"3Q","2018-3Q","Access","L_Imps",67962.2333333333,51333.7932908962,2020-03-31,2018-09-03,2018-09-03,900
"315","OXYG","A18-49",2020-06-19,NA,NA,"Week",2018,"3Q","2018-3Q","Access","L_Imps",56565.1333333333,57952.877815709,2020-03-31,2018-09-10,2018-09-10,900
"316","OXYG","A18-49",2020-06-19,NA,NA,"Week",2018,"3Q","2018-3Q","Access","L_Imps",57004.2666666667,53182.7510884061,2020-03-31,2018-09-17,2018-09-17,900
"317","OXYG","A18-49",2020-06-19,NA,NA,"Week",2018,"3Q","2018-3Q","Access","L_Imps",47376.1666666667,48852.6520638115,2020-03-31,2018-09-24,2018-09-24,900
"318","OXYG","A18-49",2020-06-19,NA,NA,"Week",2018,"4Q","2018-4Q","Access","L_Imps",55772.6,53118.002728514,2020-03-31,2018-10-01,2018-10-01,900
"319","OXYG","A18-49",2020-06-19,NA,NA,"Week",2018,"4Q","2018-4Q","Access","L_Imps",57013,51137.1858476757,2020-03-31,2018-10-08,2018-10-08,900
"320","OXYG","A18-49",2020-06-19,NA,NA,"Week",2018,"4Q","2018-4Q","Access","L_Imps",44053.2333333333,47693.4222003783,2020-03-31,2018-10-15,2018-10-15,900
"321","OXYG","A18-49",2020-06-19,NA,NA,"Week",2018,"4Q","2018-4Q","Access","L_Imps",47556.9666666667,49051.4217055148,2020-03-31,2018-10-22,2018-10-22,900
"322","OXYG","A18-49",2020-06-19,NA,NA,"Week",2018,"4Q","2018-4Q","Access","L_Imps",42290.5666666667,47665.6400175304,2020-03-31,2018-10-29,2018-10-29,900
"323","OXYG","A18-49",2020-06-19,NA,NA,"Week",2018,"4Q","2018-4Q","Access","L_Imps",65792,51596.5286147755,2020-03-31,2018-11-05,2018-11-05,900
"324","OXYG","A18-49",2020-06-19,NA,NA,"Week",2018,"4Q","2018-4Q","Access","L_Imps",50846.4333333333,49654.7486392951,2020-03-31,2018-11-12,2018-11-12,900
"325","OXYG","A18-49",2020-06-19,NA,NA,"Week",2018,"4Q","2018-4Q","Access","L_Imps",57361.4666666667,60132.7861210215,2020-03-31,2018-11-19,2018-11-19,900
"326","OXYG","A18-49",2020-06-19,NA,NA,"Week",2018,"4Q","2018-4Q","Access","L_Imps",53148.4666666667,56449.1175253494,2020-03-31,2018-11-26,2018-11-26,900
"327","OXYG","A18-49",2020-06-19,NA,NA,"Week",2018,"4Q","2018-4Q","Access","L_Imps",54145.0666666667,51254.9074493369,2020-03-31,2018-12-03,2018-12-03,900
"328","OXYG","A18-49",2020-06-19,NA,NA,"Week",2018,"4Q","2018-4Q","Access","L_Imps",40315.3333333333,55096.8771838065,2020-03-31,2018-12-10,2018-12-10,900
"329","OXYG","A18-49",2020-06-19,NA,NA,"Week",2018,"4Q","2018-4Q","Access","L_Imps",63288.5,56114.7549444968,2020-03-31,2018-12-17,2018-12-17,900
"330","OXYG","A18-49",2020-06-19,NA,NA,"Week",2018,"4Q","2018-4Q","Access","L_Imps",72711.9333333333,58498.3723587663,2020-03-31,2018-12-24,2018-12-24,900
"331","OXYG","A18-49",2020-06-19,NA,NA,"Week",2019,"1Q","2019-1Q","Access","L_Imps",65921.8333333333,69078.8970666427,2020-03-31,2018-12-31,2018-12-31,900
"332","OXYG","A18-49",2020-06-19,NA,NA,"Week",2019,"1Q","2019-1Q","Access","L_Imps",61002.9333333333,58247.1901399052,2020-03-31,2019-01-07,2019-01-07,900
"333","OXYG","A18-49",2020-06-19,NA,NA,"Week",2019,"1Q","2019-1Q","Access","L_Imps",41812.7333333333,51280.3477955366,2020-03-31,2019-01-14,2019-01-14,900
"334","OXYG","A18-49",2020-06-19,NA,NA,"Week",2019,"1Q","2019-1Q","Access","L_Imps",62016.7,53844.2453111533,2020-03-31,2019-01-21,2019-01-21,900
"335","OXYG","A18-49",2020-06-19,NA,NA,"Week",2019,"1Q","2019-1Q","Access","L_Imps",54868.6333333333,54939.6809006483,2020-03-31,2019-01-28,2019-01-28,900
"336","OXYG","A18-49",2020-06-19,NA,NA,"Week",2019,"1Q","2019-1Q","Access","L_Imps",52478.2,53485.4596846545,2020-03-31,2019-02-04,2019-02-04,900
"337","OXYG","A18-49",2020-06-19,NA,NA,"Week",2019,"1Q","2019-1Q","Access","L_Imps",42527.3333333333,48690.5109502475,2020-03-31,2019-02-11,2019-02-11,900
"338","OXYG","A18-49",2020-06-19,NA,NA,"Week",2019,"1Q","2019-1Q","Access","L_Imps",47947.0333333333,51773.3758591998,2020-03-31,2019-02-18,2019-02-18,900
"339","OXYG","A18-49",2020-06-19,NA,NA,"Week",2019,"1Q","2019-1Q","Access","L_Imps",43216,51982.4739592145,2020-03-31,2019-02-25,2019-02-25,900
"340","OXYG","A18-49",2020-06-19,NA,NA,"Week",2019,"1Q","2019-1Q","Access","L_Imps",53246.5666666667,47144.2699924444,2020-03-31,2019-03-04,2019-03-04,900
"341","OXYG","A18-49",2020-06-19,NA,NA,"Week",2019,"1Q","2019-1Q","Access","L_Imps",52571.7333333333,47989.1915534692,2020-03-31,2019-03-11,2019-03-11,900
"342","OXYG","A18-49",2020-06-19,NA,NA,"Week",2019,"1Q","2019-1Q","Access","L_Imps",69028.5333333333,53388.9782409715,2020-03-31,2019-03-18,2019-03-18,900
"343","OXYG","A18-49",2020-06-19,NA,NA,"Week",2019,"1Q","2019-1Q","Access","L_Imps",43649.9,52534.4761901858,2020-03-31,2019-03-25,2019-03-25,900
"344","OXYG","A18-49",2020-06-19,NA,NA,"Week",2019,"2Q","2019-2Q","Access","L_Imps",39047.7666666667,46074.7839191476,2020-03-31,2019-04-01,2019-04-01,900
"345","OXYG","A18-49",2020-06-19,NA,NA,"Week",2019,"2Q","2019-2Q","Access","L_Imps",51713.9666666667,46023.5759719923,2020-03-31,2019-04-08,2019-04-08,900
"346","OXYG","A18-49",2020-06-19,NA,NA,"Week",2019,"2Q","2019-2Q","Access","L_Imps",45495.5,48247.2369302171,2020-03-31,2019-04-15,2019-04-15,900
"347","OXYG","A18-49",2020-06-19,NA,NA,"Week",2019,"2Q","2019-2Q","Access","L_Imps",43059.4666666667,48675.6097490064,2020-03-31,2019-04-22,2019-04-22,900
"348","OXYG","A18-49",2020-06-19,NA,NA,"Week",2019,"2Q","2019-2Q","Access","L_Imps",38343.1666666667,44807.2703658706,2020-03-31,2019-04-29,2019-04-29,900
"349","OXYG","A18-49",2020-06-19,NA,NA,"Week",2019,"2Q","2019-2Q","Access","L_Imps",40234,47158.5016892303,2020-03-31,2019-05-06,2019-05-06,900
"350","OXYG","A18-49",2020-06-19,NA,NA,"Week",2019,"2Q","2019-2Q","Access","L_Imps",37613.4,48988.4080160288,2020-03-31,2019-05-13,2019-05-13,900
"351","OXYG","A18-49",2020-06-19,NA,NA,"Week",2019,"2Q","2019-2Q","Access","L_Imps",43851.5,42981.1414839786,2020-03-31,2019-05-20,2019-05-20,900
"352","OXYG","A18-49",2020-06-19,NA,NA,"Week",2019,"2Q","2019-2Q","Access","L_Imps",61485.8333333333,52925.077768914,2020-03-31,2019-05-27,2019-05-27,900
"353","OXYG","A18-49",2020-06-19,NA,NA,"Week",2019,"2Q","2019-2Q","Access","L_Imps",50258.7333333333,53106.9435226181,2020-03-31,2019-06-03,2019-06-03,900
"354","OXYG","A18-49",2020-06-19,NA,NA,"Week",2019,"2Q","2019-2Q","Access","L_Imps",46517.2333333333,49980.3523019263,2020-03-31,2019-06-10,2019-06-10,900
"355","OXYG","A18-49",2020-06-19,NA,NA,"Week",2019,"2Q","2019-2Q","Access","L_Imps",51584.1,44669.9044502848,2020-03-31,2019-06-17,2019-06-17,900
"356","OXYG","A18-49",2020-06-19,NA,NA,"Week",2019,"2Q","2019-2Q","Access","L_Imps",46114.6,51994.095291677,2020-03-31,2019-06-24,2019-06-24,900
"357","OXYG","A18-49",2020-06-19,NA,NA,"Week",2019,"3Q","2019-3Q","Access","L_Imps",49837.9333333333,53248.2387750296,2020-03-31,2019-07-01,2019-07-01,900
"358","OXYG","A18-49",2020-06-19,NA,NA,"Week",2019,"3Q","2019-3Q","Access","L_Imps",53394.5333333333,45038.2936211632,2020-03-31,2019-07-08,2019-07-08,900
"359","OXYG","A18-49",2020-06-19,NA,NA,"Week",2019,"3Q","2019-3Q","Access","L_Imps",38498.2666666667,46856.3833186222,2020-03-31,2019-07-15,2019-07-15,900
"360","OXYG","A18-49",2020-06-19,NA,NA,"Week",2019,"3Q","2019-3Q","Access","L_Imps",50284.6,54930.2063303238,2020-03-31,2019-07-22,2019-07-22,900
"361","OXYG","A18-49",2020-06-19,NA,NA,"Week",2019,"3Q","2019-3Q","Access","L_Imps",45134.8666666667,44708.1140460623,2020-03-31,2019-07-29,2019-07-29,900
"362","OXYG","A18-49",2020-06-19,NA,NA,"Week",2019,"3Q","2019-3Q","Access","L_Imps",38988.5666666667,42829.6919361624,2020-03-31,2019-08-05,2019-08-05,900
"363","OXYG","A18-49",2020-06-19,NA,NA,"Week",2019,"3Q","2019-3Q","Access","L_Imps",44078.7666666667,49868.6400298244,2020-03-31,2019-08-12,2019-08-12,900
"364","OXYG","A18-49",2020-06-19,NA,NA,"Week",2019,"3Q","2019-3Q","Access","L_Imps",61913.1,45878.6319146341,2020-03-31,2019-08-19,2019-08-19,900
"365","OXYG","A18-49",2020-06-19,NA,NA,"Week",2019,"3Q","2019-3Q","Access","L_Imps",39779.6,43528.9150556931,2020-03-31,2019-08-26,2019-08-26,900
"366","OXYG","A18-49",2020-06-19,NA,NA,"Week",2019,"3Q","2019-3Q","Access","L_Imps",48219.4,49635.744017565,2020-03-31,2019-09-02,2019-09-02,900
"367","OXYG","A18-49",2020-06-19,NA,NA,"Week",2019,"3Q","2019-3Q","Access","L_Imps",67114.0666666667,47214.9578505033,2020-03-31,2019-09-09,2019-09-09,900
"368","OXYG","A18-49",2020-06-19,NA,NA,"Week",2019,"3Q","2019-3Q","Access","L_Imps",44257.3666666667,46497.5861902816,2020-03-31,2019-09-16,2019-09-16,900
"369","OXYG","A18-49",2020-06-19,NA,NA,"Week",2019,"3Q","2019-3Q","Access","L_Imps",43271.8333333333,52160.6468046827,2020-03-31,2019-09-23,2019-09-23,900
"370","OXYG","A18-49",2020-06-19,NA,NA,"Week",2019,"4Q","2019-4Q","Access","L_Imps",46474.6,44289.0882682435,2020-03-31,2019-09-30,2019-09-30,900
"371","OXYG","A18-49",2020-06-19,NA,NA,"Week",2019,"4Q","2019-4Q","Access","L_Imps",42994.8,42799.7462021703,2020-03-31,2019-10-07,2019-10-07,900
"372","OXYG","A18-49",2020-06-19,NA,NA,"Week",2019,"4Q","2019-4Q","Access","L_Imps",57619.1,47973.2572864157,2020-03-31,2019-10-14,2019-10-14,900
"373","OXYG","A18-49",2020-06-19,NA,NA,"Week",2019,"4Q","2019-4Q","Access","L_Imps",39783.7666666667,46489.3668783365,2020-03-31,2019-10-21,2019-10-21,900
"374","OXYG","A18-49",2020-06-19,NA,NA,"Week",2019,"4Q","2019-4Q","Access","L_Imps",37587.3,42791.0561650764,2020-03-31,2019-10-28,2019-10-28,900
"375","OXYG","A18-49",2020-06-19,NA,NA,"Week",2019,"4Q","2019-4Q","Access","L_Imps",50187.2333333333,45519.7760574841,2020-03-31,2019-11-04,2019-11-04,900
"376","OXYG","A18-49",2020-06-19,NA,NA,"Week",2019,"4Q","2019-4Q","Access","L_Imps",37974.5666666667,50039.3364559614,2020-03-31,2019-11-11,2019-11-11,900
"377","OXYG","A18-49",2020-06-19,NA,NA,"Week",2019,"4Q","2019-4Q","Access","L_Imps",57037.5666666667,47840.4782715806,2020-03-31,2019-11-18,2019-11-18,900
"378","OXYG","A18-49",2020-06-19,NA,NA,"Week",2019,"4Q","2019-4Q","Access","L_Imps",52302.0666666667,49786.255786563,2020-03-31,2019-11-25,2019-11-25,900
"379","OXYG","A18-49",2020-06-19,NA,NA,"Week",2019,"4Q","2019-4Q","Access","L_Imps",59608.8,54482.0399705106,2020-03-31,2019-12-02,2019-12-02,900
"380","OXYG","A18-49",2020-06-19,NA,NA,"Week",2019,"4Q","2019-4Q","Access","L_Imps",56938.5333333333,53866.246835649,2020-03-31,2019-12-09,2019-12-09,900
"381","OXYG","A18-49",2020-06-19,NA,NA,"Week",2019,"4Q","2019-4Q","Access","L_Imps",46103.9333333333,49915.6594187713,2020-03-31,2019-12-16,2019-12-16,900
"382","OXYG","A18-49",2020-06-19,NA,NA,"Week",2019,"4Q","2019-4Q","Access","L_Imps",67446.1333333333,60426.1428844379,2020-03-31,2019-12-23,2019-12-23,900
"383","OXYG","A18-49",2020-06-19,NA,NA,"Week",2020,"1Q","2020-1Q","Access","L_Imps",62049.8333333333,67774.5708517712,2020-03-31,2019-12-30,2019-12-30,900
"384","OXYG","A18-49",2020-06-19,NA,NA,"Week",2020,"1Q","2020-1Q","Access","L_Imps",54110.5333333333,52685.4809130058,2020-03-31,2020-01-06,2020-01-06,900
"385","OXYG","A18-49",2020-06-19,NA,NA,"Week",2020,"1Q","2020-1Q","Access","L_Imps",43630.7333333333,50949.5696543656,2020-03-31,2020-01-13,2020-01-13,900
"386","OXYG","A18-49",2020-06-19,NA,NA,"Week",2020,"1Q","2020-1Q","Access","L_Imps",50053.5,53258.2993536515,2020-03-31,2020-01-20,2020-01-20,900
"387","OXYG","A18-49",2020-06-19,NA,NA,"Week",2020,"1Q","2020-1Q","Access","L_Imps",60592.5,49488.4858977675,2020-03-31,2020-01-27,2020-01-27,900
"388","OXYG","A18-49",2020-06-19,NA,NA,"Week",2020,"1Q","2020-1Q","Access","L_Imps",52770.6333333333,48336.4311976171,2020-03-31,2020-02-03,2020-02-03,900
"389","OXYG","A18-49",2020-06-19,NA,NA,"Week",2020,"1Q","2020-1Q","Access","L_Imps",53826.6333333333,52833.3442083903,2020-03-31,2020-02-10,2020-02-10,900
"390","OXYG","A18-49",2020-06-19,NA,NA,"Week",2020,"1Q","2020-1Q","Access","L_Imps",61266.6,51902.1354334411,2020-03-31,2020-02-17,2020-02-17,900
"391","OXYG","A18-49",2020-06-19,NA,NA,"Week",2020,"1Q","2020-1Q","Access","L_Imps",41956.8,50614.465386418,2020-03-31,2020-02-24,2020-02-24,900
"392","OXYG","A18-49",2020-06-19,NA,NA,"Week",2020,"1Q","2020-1Q","Access","L_Imps",38131.8,50538.020169782,2020-03-31,2020-03-02,2020-03-02,900
"393","OXYG","A18-49",2020-06-19,NA,NA,"Week",2020,"1Q","2020-1Q","Access","L_Imps",55347.3666666667,46757.6166684872,2020-03-31,2020-03-09,2020-03-09,900
"394","OXYG","A18-49",2020-06-19,NA,NA,"Week",2020,"1Q","2020-1Q","Access","L_Imps",60716.3666666667,48635.8369918907,2020-03-31,2020-03-16,2020-03-16,900
"395","OXYG","A18-49",2020-06-19,NA,NA,"Week",2020,"1Q","2020-1Q","Access","L_Imps",71045.9333333333,71256.2675193627,2020-03-31,2020-03-23,2020-03-23,900
"396","OXYG","A18-49",2020-06-19,NA,NA,"Week",2020,"2Q","2020-2Q","Access","L_Imps",62783.2,65663.2711848273,2020-03-31,2020-03-30,2020-03-30,900
"397","OXYG","A18-49",2020-06-19,NA,NA,"Week",2020,"2Q","2020-2Q","Access","L_Imps",72881.2333333333,60236.6623182154,2020-03-31,2020-04-06,2020-04-06,900
"398","OXYG","A18-49",2020-06-19,NA,NA,"Week",2020,"2Q","2020-2Q","Access","L_Imps",58268.3666666667,70062.438142895,2020-03-31,2020-04-13,2020-04-13,900
"399","OXYG","A18-49",2020-06-19,NA,NA,"Week",2020,"2Q","2020-2Q","Access","L_Imps",NA,69192.3070807172,2020-03-31,2020-04-20,2020-04-20,0
"400","OXYG","A18-49",2020-06-19,NA,NA,"Week",2020,"2Q","2020-2Q","Access","L_Imps",NA,61059.7611755736,2020-03-31,2020-04-27,2020-04-27,0
"401","OXYG","A18-49",2020-06-19,NA,NA,"Week",2020,"2Q","2020-2Q","Access","L_Imps",NA,47717.1007650301,2020-03-31,2020-05-04,2020-05-04,0
"402","OXYG","A18-49",2020-06-19,NA,NA,"Week",2020,"2Q","2020-2Q","Access","L_Imps",NA,51234.702378975,2020-03-31,2020-05-11,2020-05-11,0
"403","OXYG","A18-49",2020-06-19,NA,NA,"Week",2020,"2Q","2020-2Q","Access","L_Imps",NA,45017.4896092395,2020-03-31,2020-05-18,2020-05-18,0
"404","OXYG","A18-49",2020-06-19,NA,NA,"Week",2020,"2Q","2020-2Q","Access","L_Imps",NA,50271.0139463835,2020-03-31,2020-05-25,2020-05-25,0
"405","OXYG","A18-49",2020-06-19,NA,NA,"Week",2020,"2Q","2020-2Q","Access","L_Imps",NA,51581.8325723046,2020-03-31,2020-06-01,2020-06-01,0
"406","OXYG","A18-49",2020-06-19,NA,NA,"Week",2020,"2Q","2020-2Q","Access","L_Imps",NA,50000.3409090008,2020-03-31,2020-06-08,2020-06-08,0
"407","OXYG","A18-49",2020-06-19,NA,NA,"Week",2020,"2Q","2020-2Q","Access","L_Imps",NA,45691.2816714385,2020-03-31,2020-06-15,2020-06-15,0
"408","OXYG","A18-49",2020-06-19,NA,NA,"Week",2020,"2Q","2020-2Q","Access","L_Imps",NA,49329.8567572287,2020-03-31,2020-06-22,2020-06-22,0
"409","OXYG","A18-49",2020-06-19,NA,NA,"Week",2020,"3Q","2020-3Q","Access","L_Imps",NA,50731.1872695674,2020-03-31,2020-06-29,2020-06-29,0
"410","OXYG","A18-49",2020-06-19,NA,NA,"Week",2020,"3Q","2020-3Q","Access","L_Imps",NA,45432.2217430467,2020-03-31,2020-07-06,2020-07-06,0
"411","OXYG","A18-49",2020-06-19,NA,NA,"Week",2020,"3Q","2020-3Q","Access","L_Imps",NA,46613.2382520009,2020-03-31,2020-07-13,2020-07-13,0
"412","OXYG","A18-49",2020-06-19,NA,NA,"Week",2020,"3Q","2020-3Q","Access","L_Imps",NA,48808.8786322743,2020-03-31,2020-07-20,2020-07-20,0
"413","OXYG","A18-49",2020-06-19,NA,NA,"Week",2020,"3Q","2020-3Q","Access","L_Imps",NA,45931.5269302763,2020-03-31,2020-07-27,2020-07-27,0
"414","OXYG","A18-49",2020-06-19,NA,NA,"Week",2020,"3Q","2020-3Q","Access","L_Imps",NA,44165.3892315147,2020-03-31,2020-08-03,2020-08-03,0
"415","OXYG","A18-49",2020-06-19,NA,NA,"Week",2020,"3Q","2020-3Q","Access","L_Imps",NA,45744.562238751,2020-03-31,2020-08-10,2020-08-10,0
"416","OXYG","A18-49",2020-06-19,NA,NA,"Week",2020,"3Q","2020-3Q","Access","L_Imps",NA,45467.3197434899,2020-03-31,2020-08-17,2020-08-17,0
"417","OXYG","A18-49",2020-06-19,NA,NA,"Week",2020,"3Q","2020-3Q","Access","L_Imps",NA,44850.4922658201,2020-03-31,2020-08-24,2020-08-24,0
"418","OXYG","A18-49",2020-06-19,NA,NA,"Week",2020,"3Q","2020-3Q","Access","L_Imps",NA,44570.6583646629,2020-03-31,2020-08-31,2020-08-31,0
"419","OXYG","A18-49",2020-06-19,NA,NA,"Week",2020,"3Q","2020-3Q","Access","L_Imps",NA,45352.7666990289,2020-03-31,2020-09-07,2020-09-07,0
"420","OXYG","A18-49",2020-06-19,NA,NA,"Week",2020,"3Q","2020-3Q","Access","L_Imps",NA,46036.6904451464,2020-03-31,2020-09-14,2020-09-14,0
"421","OXYG","A18-49",2020-06-19,NA,NA,"Week",2020,"3Q","2020-3Q","Access","L_Imps",NA,44555.9173313956,2020-03-31,2020-09-21,2020-09-21,0
"422","OXYG","A18-49",2020-06-19,NA,NA,"Week",2020,"4Q","2020-4Q","Access","L_Imps",NA,43267.8153447192,2020-03-31,2020-09-28,2020-09-28,0
"423","OXYG","A18-49",2020-06-19,NA,NA,"Week",2020,"4Q","2020-4Q","Access","L_Imps",NA,44207.9218098959,2020-03-31,2020-10-05,2020-10-05,0
"424","OXYG","A18-49",2020-06-19,NA,NA,"Week",2020,"4Q","2020-4Q","Access","L_Imps",NA,41466.9541845545,2020-03-31,2020-10-12,2020-10-12,0
"425","OXYG","A18-49",2020-06-19,NA,NA,"Week",2020,"4Q","2020-4Q","Access","L_Imps",NA,42919.4739278414,2020-03-31,2020-10-19,2020-10-19,0
"426","OXYG","A18-49",2020-06-19,NA,NA,"Week",2020,"4Q","2020-4Q","Access","L_Imps",NA,42418.2166449422,2020-03-31,2020-10-26,2020-10-26,0
"427","OXYG","A18-49",2020-06-19,NA,NA,"Week",2020,"4Q","2020-4Q","Access","L_Imps",NA,46042.5952591518,2020-03-31,2020-11-02,2020-11-02,0
"428","OXYG","A18-49",2020-06-19,NA,NA,"Week",2020,"4Q","2020-4Q","Access","L_Imps",NA,46169.3122180763,2020-03-31,2020-11-09,2020-11-09,0
"429","OXYG","A18-49",2020-06-19,NA,NA,"Week",2020,"4Q","2020-4Q","Access","L_Imps",NA,45501.5302980867,2020-03-31,2020-11-16,2020-11-16,0
"430","OXYG","A18-49",2020-06-19,NA,NA,"Week",2020,"4Q","2020-4Q","Access","L_Imps",NA,51152.1231096237,2020-03-31,2020-11-23,2020-11-23,0
"431","OXYG","A18-49",2020-06-19,NA,NA,"Week",2020,"4Q","2020-4Q","Access","L_Imps",NA,47564.0664598264,2020-03-31,2020-11-30,2020-11-30,0
"432","OXYG","A18-49",2020-06-19,NA,NA,"Week",2020,"4Q","2020-4Q","Access","L_Imps",NA,46924.1132999369,2020-03-31,2020-12-07,2020-12-07,0
"433","OXYG","A18-49",2020-06-19,NA,NA,"Week",2020,"4Q","2020-4Q","Access","L_Imps",NA,51161.9739563133,2020-03-31,2020-12-14,2020-12-14,0
"434","OXYG","A18-49",2020-06-19,NA,NA,"Week",2020,"4Q","2020-4Q","Access","L_Imps",NA,57198.6507136899,2020-03-31,2020-12-21,2020-12-21,0
"435","OXYG","A18-49",2020-06-19,NA,NA,"Week",2021,"1Q","2021-1Q","Access","L_Imps",NA,59802.0484326281,2020-03-31,2020-12-28,2020-12-28,0
"436","OXYG","A18-49",2020-06-19,NA,NA,"Week",2021,"1Q","2021-1Q","Access","L_Imps",NA,49965.4181607043,2020-03-31,2021-01-04,2021-01-04,0
"437","OXYG","A18-49",2020-06-19,NA,NA,"Week",2021,"1Q","2021-1Q","Access","L_Imps",NA,51189.9391497305,2020-03-31,2021-01-11,2021-01-11,0
"438","OXYG","A18-49",2020-06-19,NA,NA,"Week",2021,"1Q","2021-1Q","Access","L_Imps",NA,49614.7497023585,2020-03-31,2021-01-18,2021-01-18,0
"439","OXYG","A18-49",2020-06-19,NA,NA,"Week",2021,"1Q","2021-1Q","Access","L_Imps",NA,48632.0781688439,2020-03-31,2021-01-25,2021-01-25,0
"440","OXYG","A18-49",2020-06-19,NA,NA,"Week",2021,"1Q","2021-1Q","Access","L_Imps",NA,47604.0903850669,2020-03-31,2021-02-01,2021-02-01,0
"441","OXYG","A18-49",2020-06-19,NA,NA,"Week",2021,"1Q","2021-1Q","Access","L_Imps",NA,47060.2354543578,2020-03-31,2021-02-08,2021-02-08,0
"442","OXYG","A18-49",2020-06-19,NA,NA,"Week",2021,"1Q","2021-1Q","Access","L_Imps",NA,46049.0732064404,2020-03-31,2021-02-15,2021-02-15,0
"443","OXYG","A18-49",2020-06-19,NA,NA,"Week",2021,"1Q","2021-1Q","Access","L_Imps",NA,48110.1622244649,2020-03-31,2021-02-22,2021-02-22,0
"444","OXYG","A18-49",2020-06-19,NA,NA,"Week",2021,"1Q","2021-1Q","Access","L_Imps",NA,48029.5718340935,2020-03-31,2021-03-01,2021-03-01,0
"445","OXYG","A18-49",2020-06-19,NA,NA,"Week",2021,"1Q","2021-1Q","Access","L_Imps",NA,45820.1931490705,2020-03-31,2021-03-08,2021-03-08,0
"446","OXYG","A18-49",2020-06-19,NA,NA,"Week",2021,"1Q","2021-1Q","Access","L_Imps",NA,45710.5905829767,2020-03-31,2021-03-15,2021-03-15,0
"447","OXYG","A18-49",2020-06-19,NA,NA,"Week",2021,"1Q","2021-1Q","Access","L_Imps",NA,46410.9004919356,2020-03-31,2021-03-22,2021-03-22,0
"448","OXYG","A18-49",2020-06-19,NA,NA,"Week",2021,"2Q","2021-2Q","Access","L_Imps",NA,42900.1979994552,2020-03-31,2021-03-29,2021-03-29,0
"449","OXYG","A18-49",2020-06-19,NA,NA,"Week",2021,"2Q","2021-2Q","Access","L_Imps",NA,43077.7752345975,2020-03-31,2021-04-05,2021-04-05,0
"450","OXYG","A18-49",2020-06-19,NA,NA,"Week",2021,"2Q","2021-2Q","Access","L_Imps",NA,43282.7127058934,2020-03-31,2021-04-12,2021-04-12,0
"451","OXYG","A18-49",2020-06-19,NA,NA,"Week",2021,"2Q","2021-2Q","Access","L_Imps",NA,42570.2534946971,2020-03-31,2021-04-19,2021-04-19,0
"452","OXYG","A18-49",2020-06-19,NA,NA,"Week",2021,"2Q","2021-2Q","Access","L_Imps",NA,44251.707718852,2020-03-31,2021-04-26,2021-04-26,0
"453","OXYG","A18-49",2020-06-19,NA,NA,"Week",2021,"2Q","2021-2Q","Access","L_Imps",NA,43901.9765642389,2020-03-31,2021-05-03,2021-05-03,0
"454","OXYG","A18-49",2020-06-19,NA,NA,"Week",2021,"2Q","2021-2Q","Access","L_Imps",NA,43846.8150469669,2020-03-31,2021-05-10,2021-05-10,0
"455","OXYG","A18-49",2020-06-19,NA,NA,"Week",2021,"2Q","2021-2Q","Access","L_Imps",NA,44118.2759184671,2020-03-31,2021-05-17,2021-05-17,0
"456","OXYG","A18-49",2020-06-19,NA,NA,"Week",2021,"2Q","2021-2Q","Access","L_Imps",NA,44011.9555713097,2020-03-31,2021-05-24,2021-05-24,0
"457","OXYG","A18-49",2020-06-19,NA,NA,"Week",2021,"2Q","2021-2Q","Access","L_Imps",NA,52725.5735773638,2020-03-31,2021-05-31,2021-05-31,0
"458","OXYG","A18-49",2020-06-19,NA,NA,"Week",2021,"2Q","2021-2Q","Access","L_Imps",NA,46119.4180260727,2020-03-31,2021-06-07,2021-06-07,0
"459","OXYG","A18-49",2020-06-19,NA,NA,"Week",2021,"2Q","2021-2Q","Access","L_Imps",NA,46199.664933596,2020-03-31,2021-06-14,2021-06-14,0
"460","OXYG","A18-49",2020-06-19,NA,NA,"Week",2021,"2Q","2021-2Q","Access","L_Imps",NA,45901.0715300183,2020-03-31,2021-06-21,2021-06-21,0
"461","OXYG","A18-49",2020-06-19,NA,NA,"Week",2021,"3Q","2021-3Q","Access","L_Imps",NA,45660.8475041085,2020-03-31,2021-06-28,2021-06-28,0
"462","OXYG","A18-49",2020-06-19,NA,NA,"Week",2021,"3Q","2021-3Q","Access","L_Imps",NA,44832.1844290509,2020-03-31,2021-07-05,2021-07-05,0
"463","OXYG","A18-49",2020-06-19,NA,NA,"Week",2021,"3Q","2021-3Q","Access","L_Imps",NA,44576.5723607722,2020-03-31,2021-07-12,2021-07-12,0
"464","OXYG","A18-49",2020-06-19,NA,NA,"Week",2021,"3Q","2021-3Q","Access","L_Imps",NA,44514.7471700315,2020-03-31,2021-07-19,2021-07-19,0
"465","OXYG","A18-49",2020-06-19,NA,NA,"Week",2021,"3Q","2021-3Q","Access","L_Imps",NA,42937.4778142112,2020-03-31,2021-07-26,2021-07-26,0
"466","OXYG","A18-49",2020-06-19,NA,NA,"Week",2021,"3Q","2021-3Q","Access","L_Imps",NA,42889.6350653814,2020-03-31,2021-08-02,2021-08-02,0
"467","OXYG","A18-49",2020-06-19,NA,NA,"Week",2021,"3Q","2021-3Q","Access","L_Imps",NA,42759.6720052202,2020-03-31,2021-08-09,2021-08-09,0
"468","OXYG","A18-49",2020-06-19,NA,NA,"Week",2021,"3Q","2021-3Q","Access","L_Imps",NA,42852.6426945277,2020-03-31,2021-08-16,2021-08-16,0
"469","OXYG","A18-49",2020-06-19,NA,NA,"Week",2021,"3Q","2021-3Q","Access","L_Imps",NA,42762.2974297749,2020-03-31,2021-08-23,2021-08-23,0
"470","OXYG","A18-49",2020-06-19,NA,NA,"Week",2021,"3Q","2021-3Q","Access","L_Imps",NA,43242.1042320666,2020-03-31,2021-08-30,2021-08-30,0
"471","OXYG","A18-49",2020-06-19,NA,NA,"Week",2021,"3Q","2021-3Q","Access","L_Imps",NA,43242.1147030019,2020-03-31,2021-09-06,2021-09-06,0
"472","OXYG","A18-49",2020-06-19,NA,NA,"Week",2021,"3Q","2021-3Q","Access","L_Imps",NA,43141.9153228696,2020-03-31,2021-09-13,2021-09-13,0
"473","OXYG","A18-49",2020-06-19,NA,NA,"Week",2021,"3Q","2021-3Q","Access","L_Imps",NA,43118.9945185041,2020-03-31,2021-09-20,2021-09-20,0
"474","OXYG","A18-49",2020-06-19,NA,NA,"Week",2021,"4Q","2021-4Q","Access","L_Imps",NA,40918.1984646283,2020-03-31,2021-09-27,2021-09-27,0
"475","OXYG","A18-49",2020-06-19,NA,NA,"Week",2021,"4Q","2021-4Q","Access","L_Imps",NA,40866.3452560122,2020-03-31,2021-10-04,2021-10-04,0
"476","OXYG","A18-49",2020-06-19,NA,NA,"Week",2021,"4Q","2021-4Q","Access","L_Imps",NA,40995.4417911146,2020-03-31,2021-10-11,2021-10-11,0
"477","OXYG","A18-49",2020-06-19,NA,NA,"Week",2021,"4Q","2021-4Q","Access","L_Imps",NA,40787.7347883287,2020-03-31,2021-10-18,2021-10-18,0
"478","OXYG","A18-49",2020-06-19,NA,NA,"Week",2021,"4Q","2021-4Q","Access","L_Imps",NA,36356.116137015,2020-03-31,2021-10-25,2021-10-25,0
"479","OXYG","A18-49",2020-06-19,NA,NA,"Week",2021,"4Q","2021-4Q","Access","L_Imps",NA,43755.4672606344,2020-03-31,2021-11-01,2021-11-01,0
"480","OXYG","A18-49",2020-06-19,NA,NA,"Week",2021,"4Q","2021-4Q","Access","L_Imps",NA,43625.9775674669,2020-03-31,2021-11-08,2021-11-08,0
"481","OXYG","A18-49",2020-06-19,NA,NA,"Week",2021,"4Q","2021-4Q","Access","L_Imps",NA,43668.3743184848,2020-03-31,2021-11-15,2021-11-15,0
"482","OXYG","A18-49",2020-06-19,NA,NA,"Week",2021,"4Q","2021-4Q","Access","L_Imps",NA,47577.3453176138,2020-03-31,2021-11-22,2021-11-22,0
"483","OXYG","A18-49",2020-06-19,NA,NA,"Week",2021,"4Q","2021-4Q","Access","L_Imps",NA,46367.1182026936,2020-03-31,2021-11-29,2021-11-29,0
"484","OXYG","A18-49",2020-06-19,NA,NA,"Week",2021,"4Q","2021-4Q","Access","L_Imps",NA,45469.6619328346,2020-03-31,2021-12-06,2021-12-06,0
"485","OXYG","A18-49",2020-06-19,NA,NA,"Week",2021,"4Q","2021-4Q","Access","L_Imps",NA,45297.9584864226,2020-03-31,2021-12-13,2021-12-13,0
"486","OXYG","A18-49",2020-06-19,NA,NA,"Week",2021,"4Q","2021-4Q","Access","L_Imps",NA,57167.8156563776,2020-03-31,2021-12-20,2021-12-20,0
